Type,Original Id,Tags,SourceUrl,annotation
test,,pitch,https://ai-studio-new.s3-ap-south-1.amazonaws.com/ai-studio/63d8b5e0671e5d8467abaf77/data/ee0c8a7-dfc-a324-b33-12d551b643ajpg.jpeg,"{""line"":[],""point"":[],""rect"":[[520.1455,157.2816,240.8545,340.7184,""pitch""]],""circle"":[],""rectWithCircle"":[]}"
train,,pitch,https://ai-studio-new.s3-ap-south-1.amazonaws.com/ai-studio/63d8b5e0671e5d8467abaf77/data/85edb1-3c64-0847-4d74-bf62513fbejpg.jpeg,"{""line"":[],""point"":[],""rect"":[[493,167,298,388,""pitch""]],""circle"":[],""rectWithCircle"":[]}"
train,,pitch,https://ai-studio-new.s3-ap-south-1.amazonaws.com/ai-studio/63d8b5e0671e5d8467abaf77/data/7c8c8a1-a81b-553-e428-34152548ejpg.jpeg,"{""line"":[],""point"":[],""rect"":[[471,179,324,435,""pitch""]],""circle"":[],""rectWithCircle"":[]}"
test,,pitch,https://ai-studio-new.s3-ap-south-1.amazonaws.com/ai-studio/63d8b5e0671e5d8467abaf77/data/7143f65-f1b2-26f3-7ff5-7ec46fec10jpg.jpeg,"{""line"":[],""point"":[],""rect"":[[459,187,360,507,""pitch""]],""circle"":[],""rectWithCircle"":[]}"
train,,pitch,https://ai-studio-new.s3-ap-south-1.amazonaws.com/ai-studio/63d8b5e0671e5d8467abaf77/data/51db14a-fc7-22c2-436b-735b88fef037jpg.jpeg,"{""line"":[],""point"":[],""rect"":[[400,266,466,449,""pitch""]],""circle"":[],""rectWithCircle"":[]}"
train,,pitch,https://ai-studio-new.s3-ap-south-1.amazonaws.com/ai-studio/63d8b5e0671e5d8467abaf77/data/41e84fd-5da-fade-667e-745142cd228ajpg.jpeg,"{""line"":[],""point"":[],""rect"":[[223,360,771,357,""pitch""]],""circle"":[],""rectWithCircle"":[]}"
train,,pitch,https://ai-studio-new.s3-ap-south-1.amazonaws.com/ai-studio/63d8b5e0671e5d8467abaf77/data/7685d12-f8ab-811d-e4aa-688b075dbf8fjpg.jpeg,"{""line"":[],""point"":[],""rect"":[[443,310,403,405,""pitch""]],""circle"":[],""rectWithCircle"":[]}"
train,,pitch,https://ai-studio-new.s3-ap-south-1.amazonaws.com/ai-studio/63d8b5e0671e5d8467abaf77/data/cf1c0f2-ab41-f3c8-0d84-d767e5fb458jpg.jpeg,"{""line"":[],""point"":[],""rect"":[[470,190,294,409,""pitch""]],""circle"":[],""rectWithCircle"":[]}"
train,,pitch,https://ai-studio-new.s3-ap-south-1.amazonaws.com/ai-studio/63d8b5e0671e5d8467abaf77/data/ba6313a-15e1-06bf-40e-27a7628854d8jpg.jpeg,"{""line"":[],""point"":[],""rect"":[[455,186,341,457,""pitch""]],""circle"":[],""rectWithCircle"":[]}"
train,,pitch,https://ai-studio-new.s3-ap-south-1.amazonaws.com/ai-studio/63d8b5e0671e5d8467abaf77/data/c23da6a-823d-6a5a-8722-d0f1b03bc64fjpg.jpeg,"{""line"":[],""point"":[],""rect"":[[362,243,521,476,""pitch""]],""circle"":[],""rectWithCircle"":[]}"
test,,pitch,https://ai-studio-new.s3-ap-south-1.amazonaws.com/ai-studio/63d8b5e0671e5d8467abaf77/data/e4717fc-c61e-fcf6-63f-d2a3bd4824jpg.jpeg,"{""line"":[],""point"":[],""rect"":[[264,395,696,315,""pitch""]],""circle"":[],""rectWithCircle"":[]}"
train,,pitch,https://ai-studio-new.s3-ap-south-1.amazonaws.com/ai-studio/63d8b5e0671e5d8467abaf77/data/70308a4-80a4-f7bd-8610-57be476df3jpg.jpeg,"{""line"":[],""point"":[],""rect"":[[257,388,755,327,""pitch""]],""circle"":[],""rectWithCircle"":[]}"
train,,pitch,https://ai-studio-new.s3-ap-south-1.amazonaws.com/ai-studio/63d8b5e0671e5d8467abaf77/data/c036a2-f510-2bf-1535-5242e338fejpg.jpeg,"{""line"":[],""point"":[],""rect"":[[222,364,785,351,""pitch""]],""circle"":[],""rectWithCircle"":[]}"
train,,pitch,https://ai-studio-new.s3-ap-south-1.amazonaws.com/ai-studio/63d8b5e0671e5d8467abaf77/data/1101024-0c28-e3ff-e34-04a333febdbjpg.jpeg,"{""line"":[],""point"":[],""rect"":[[233,368,764,343,""pitch""]],""circle"":[],""rectWithCircle"":[]}"
train,,pitch,https://ai-studio-new.s3-ap-south-1.amazonaws.com/ai-studio/63d8b5e0671e5d8467abaf77/data/4a3afe2-eec0-354c-4f76-172a5ae75djpg.jpeg,"{""line"":[],""point"":[],""rect"":[[227,364,820,350,""pitch""]],""circle"":[],""rectWithCircle"":[]}"
train,,pitch,https://ai-studio-new.s3-ap-south-1.amazonaws.com/ai-studio/63d8b5e0671e5d8467abaf77/data/e562abc-06ca-cad7-8cef-fcda6270cd37jpg.jpeg,"{""line"":[],""point"":[],""rect"":[[466,180,340,384,""pitch""]],""circle"":[],""rectWithCircle"":[]}"
train,,pitch,https://ai-studio-new.s3-ap-south-1.amazonaws.com/ai-studio/63d8b5e0671e5d8467abaf77/data/06a87a-a2b-f425-bf8-81f6c60282e2jpg.jpeg,"{""line"":[],""point"":[],""rect"":[[448,202,384,432,""pitch""]],""circle"":[],""rectWithCircle"":[]}"
train,,pitch,https://ai-studio-new.s3-ap-south-1.amazonaws.com/ai-studio/63d8b5e0671e5d8467abaf77/data/15aa4cc-488e-1a38-47b-b3acc1c81fd5jpg.jpeg,"{""line"":[],""point"":[],""rect"":[[398,243,472,463,""pitch""]],""circle"":[],""rectWithCircle"":[]}"
train,,pitch,https://ai-studio-new.s3-ap-south-1.amazonaws.com/ai-studio/63d8b5e0671e5d8467abaf77/data/145ef2b-3c88-6577-efa-e2a164c0deajpg.jpeg,"{""line"":[],""point"":[],""rect"":[[247,449,759,266,""pitch""]],""circle"":[],""rectWithCircle"":[]}"
train,,pitch,https://ai-studio-new.s3-ap-south-1.amazonaws.com/ai-studio/63d8b5e0671e5d8467abaf77/data/5f108d5-b8b2-0a5d-61ec-8eef1cd3ca7jpg.jpeg,"{""line"":[],""point"":[],""rect"":[[123,498,973,211,""pitch""]],""circle"":[],""rectWithCircle"":[]}"
test,,pitch,https://ai-studio-new.s3-ap-south-1.amazonaws.com/ai-studio/63d8b5e0671e5d8467abaf77/data/17781e-7b1-ad88-1d-625fdd6a7jpg.jpeg,"{""line"":[],""point"":[],""rect"":[[128,474,980,238,""pitch""]],""circle"":[],""rectWithCircle"":[]}"
train,,pitch,https://ai-studio-new.s3-ap-south-1.amazonaws.com/ai-studio/63d8b5e0671e5d8467abaf77/data/837b86c-148c-e015-077d-0fa60706a5djpg.jpeg,"{""line"":[],""point"":[],""rect"":[[433,290,431,420,""pitch""]],""circle"":[],""rectWithCircle"":[]}"
train,,pitch,https://ai-studio-new.s3-ap-south-1.amazonaws.com/ai-studio/63d8b5e0671e5d8467abaf77/data/f28481-045-b0f-3ddc-5b70a086af65jpg.jpeg,"{""line"":[],""point"":[],""rect"":[[409,268,450,447,""pitch""]],""circle"":[],""rectWithCircle"":[]}"
train,,pitch,https://ai-studio-new.s3-ap-south-1.amazonaws.com/ai-studio/63d8b5e0671e5d8467abaf77/data/3638cb3-21bf-caeb-fb82-f1a1c676d68djpg.jpeg,"{""line"":[],""point"":[],""rect"":[[413,265,432,449,""pitch""]],""circle"":[],""rectWithCircle"":[]}"
train,,pitch,https://ai-studio-new.s3-ap-south-1.amazonaws.com/ai-studio/63d8b5e0671e5d8467abaf77/data/74542cb-001f-31b7-d044-ae64c13bc1jpg.jpeg,"{""line"":[],""point"":[],""rect"":[[396,254,460,463,""pitch""]],""circle"":[],""rectWithCircle"":[]}"
train,,pitch,https://ai-studio-new.s3-ap-south-1.amazonaws.com/ai-studio/63d8b5e0671e5d8467abaf77/data/48e248-b80-0142-e317-1f86f66042f8jpg.jpeg,"{""line"":[],""point"":[],""rect"":[[403,252,450,461,""pitch""]],""circle"":[],""rectWithCircle"":[]}"
train,,pitch,https://ai-studio-new.s3-ap-south-1.amazonaws.com/ai-studio/63d8b5e0671e5d8467abaf77/data/43a87a5-a7c8-33e5-f882-5ab78fd4f02jpg.jpeg,"{""line"":[],""point"":[],""rect"":[[405,247,453,456,""pitch""]],""circle"":[],""rectWithCircle"":[]}"
test,,pitch,https://ai-studio-new.s3-ap-south-1.amazonaws.com/ai-studio/63d8b5e0671e5d8467abaf77/data/348373-ad23-274c-574-ef77107efc0ajpg.jpeg,"{""line"":[],""point"":[],""rect"":[[410,251,493,454,""pitch""]],""circle"":[],""rectWithCircle"":[]}"
train,,pitch,https://ai-studio-new.s3-ap-south-1.amazonaws.com/ai-studio/63d8b5e0671e5d8467abaf77/data/0c7eb5-635-ac78-d02e-d3b60f3884jpg.jpeg,"{""line"":[],""point"":[],""rect"":[[203,465,832,247,""pitch""]],""circle"":[],""rectWithCircle"":[]}"
train,,pitch,https://ai-studio-new.s3-ap-south-1.amazonaws.com/ai-studio/63d8b5e0671e5d8467abaf77/data/03731f-7322-0e85-532-cf33c26618ajpg.jpeg,"{""line"":[],""point"":[],""rect"":[[369,296,347,377,""pitch""]],""circle"":[],""rectWithCircle"":[]}"
train,,pitch,https://ai-studio-new.s3-ap-south-1.amazonaws.com/ai-studio/63d8b5e0671e5d8467abaf77/data/1df670-eaf0-db1f-7d67-87ce7f871jpg.jpeg,"{""line"":[],""point"":[],""rect"":[[447,204,364,409,""pitch""]],""circle"":[],""rectWithCircle"":[]}"
train,,pitch,https://ai-studio-new.s3-ap-south-1.amazonaws.com/ai-studio/63d8b5e0671e5d8467abaf77/data/748d4c-e37d-3ed1-5d0-cec1ffa61fjpg.jpeg,"{""line"":[],""point"":[],""rect"":[[426,213,405,468,""pitch""]],""circle"":[],""rectWithCircle"":[]}"
train,,pitch,https://ai-studio-new.s3-ap-south-1.amazonaws.com/ai-studio/63d8b5e0671e5d8467abaf77/data/57bb8ce-6cd-72d5-11d3-1a7ad748e515jpg.jpeg,"{""line"":[],""point"":[],""rect"":[[147,425,898,289,""pitch""]],""circle"":[],""rectWithCircle"":[]}"
train,,pitch,https://ai-studio-new.s3-ap-south-1.amazonaws.com/ai-studio/63d8b5e0671e5d8467abaf77/data/c61e7bc-6cad-c338-7bbe-6ea711646ce0jpg.jpeg,"{""line"":[],""point"":[],""rect"":[[408,280,497,423,""pitch""]],""circle"":[],""rectWithCircle"":[]}"
train,,pitch,https://ai-studio-new.s3-ap-south-1.amazonaws.com/ai-studio/63d8b5e0671e5d8467abaf77/data/27ce78d-2617-54d4-66f-207823b06731jpg.jpeg,"{""line"":[],""point"":[],""rect"":[[403,277,452,440,""pitch""]],""circle"":[],""rectWithCircle"":[]}"
train,,pitch,https://ai-studio-new.s3-ap-south-1.amazonaws.com/ai-studio/63d8b5e0671e5d8467abaf77/data/7fae627-56c2-2e17-acc2-1fe5f85bc6f5jpg.jpeg,"{""line"":[],""point"":[],""rect"":[[412,291,423,423,""pitch""]],""circle"":[],""rectWithCircle"":[]}"
train,,pitch,https://ai-studio-new.s3-ap-south-1.amazonaws.com/ai-studio/63d8b5e0671e5d8467abaf77/data/bce66c3-8c4-f2ab-1cb5-3c30061e6b57jpg.jpeg,"{""line"":[],""point"":[],""rect"":[[428,298,395,419,""pitch""]],""circle"":[],""rectWithCircle"":[]}"
train,,pitch,https://ai-studio-new.s3-ap-south-1.amazonaws.com/ai-studio/63d8b5e0671e5d8467abaf77/data/b65305e-82b5-f271-3b10-07d1cd63db7jpg.jpeg,"{""line"":[],""point"":[],""rect"":[[443,307,380,397,""pitch""]],""circle"":[],""rectWithCircle"":[]}"
test,,pitch,https://ai-studio-new.s3-ap-south-1.amazonaws.com/ai-studio/63d8b5e0671e5d8467abaf77/data/f62bfbf-5f8d-adc-2ff0-7ae80722b06jpg.jpeg,"{""line"":[],""point"":[],""rect"":[[443,192,409,467,""pitch""]],""circle"":[],""rectWithCircle"":[]}"
train,,pitch,https://ai-studio-new.s3-ap-south-1.amazonaws.com/ai-studio/63d8b5e0671e5d8467abaf77/data/c4dc0-6628-f364-42af-081654ca52d2jpg.jpeg,"{""line"":[],""point"":[],""rect"":[[411,214,466,493,""pitch""]],""circle"":[],""rectWithCircle"":[]}"
train,,pitch,https://ai-studio-new.s3-ap-south-1.amazonaws.com/ai-studio/63d8b5e0671e5d8467abaf77/data/8abc15-8e8-a3b5-0025-1b3f6f4847jpg.jpeg,"{""line"":[],""point"":[],""rect"":[[337,328,603,384,""pitch""]],""circle"":[],""rectWithCircle"":[]}"
train,,pitch,https://ai-studio-new.s3-ap-south-1.amazonaws.com/ai-studio/63d8b5e0671e5d8467abaf77/data/4f043a-5d67-cf38-ea1d-1de3d68f883jpg.jpeg,"{""line"":[],""point"":[],""rect"":[[141,468,956,237,""pitch""]],""circle"":[],""rectWithCircle"":[]}"
train,,pitch,https://ai-studio-new.s3-ap-south-1.amazonaws.com/ai-studio/63d8b5e0671e5d8467abaf77/data/4c74ed1-c623-4eca-5f74-cd20a5acbfdfjpg.jpeg,"{""line"":[],""point"":[],""rect"":[[551,173,210,279,""pitch""]],""circle"":[],""rectWithCircle"":[]}"
train,,pitch,https://ai-studio-new.s3-ap-south-1.amazonaws.com/ai-studio/63d8b5e0671e5d8467abaf77/data/03da82e-d680-e8b-e3a5-ca253e336ac0jpg.jpeg,"{""line"":[],""point"":[],""rect"":[[538,184,224,320,""pitch""]],""circle"":[],""rectWithCircle"":[]}"
train,,pitch,https://ai-studio-new.s3-ap-south-1.amazonaws.com/ai-studio/63d8b5e0671e5d8467abaf77/data/1be53d-c24d-6553-2038-fcb2d70b7a04jpg.jpeg,"{""line"":[],""point"":[],""rect"":[[530,198,256,345,""pitch""]],""circle"":[],""rectWithCircle"":[]}"
test,,pitch,https://ai-studio-new.s3-ap-south-1.amazonaws.com/ai-studio/63d8b5e0671e5d8467abaf77/data/51b007-7e3-2ca-1511-bc371d4328bjpg.jpeg,"{""line"":[],""point"":[],""rect"":[[500,198,304,406,""pitch""]],""circle"":[],""rectWithCircle"":[]}"
train,,pitch,https://ai-studio-new.s3-ap-south-1.amazonaws.com/ai-studio/63d8b5e0671e5d8467abaf77/data/3111f-55e-1b14-11bc-3f62af5f570jpg.jpeg,"{""line"":[],""point"":[],""rect"":[[492,200.3883,310.9091,462.6117,""pitch""]],""circle"":[],""rectWithCircle"":[]}"
train,,pitch,https://ai-studio-new.s3-ap-south-1.amazonaws.com/ai-studio/63d8b5e0671e5d8467abaf77/data/af84d8c-5b86-4b6-8c51-730eebae0cjpg.jpeg,"{""line"":[],""point"":[],""rect"":[[394,264,523,447,""pitch""]],""circle"":[],""rectWithCircle"":[]}"
test,,pitch,https://ai-studio-new.s3-ap-south-1.amazonaws.com/ai-studio/63d8b5e0671e5d8467abaf77/data/15adabe-852e-a7d-12b4-c58855f33e3jpg.jpeg,"{""line"":[],""point"":[],""rect"":[[302,393,722,324,""pitch""]],""circle"":[],""rectWithCircle"":[]}"
train,,pitch,https://ai-studio-new.s3-ap-south-1.amazonaws.com/ai-studio/63d8b5e0671e5d8467abaf77/data/f3acf8c-ad4b-3cf8-444-17a26e72dcjpg.jpeg,"{""line"":[],""point"":[],""rect"":[[475,190,317,433,""pitch""]],""circle"":[],""rectWithCircle"":[]}"
train,,pitch,https://ai-studio-new.s3-ap-south-1.amazonaws.com/ai-studio/63d8b5e0671e5d8467abaf77/data/71d2ef-3a2-5886-f311-bea74b04ea3jpg.jpeg,"{""line"":[],""point"":[],""rect"":[[448,195,384,504,""pitch""]],""circle"":[],""rectWithCircle"":[]}"
train,,pitch,https://ai-studio-new.s3-ap-south-1.amazonaws.com/ai-studio/63d8b5e0671e5d8467abaf77/data/e64600-b2ad-3e4-e3ab-d4f5b7eefb4cjpg.jpeg,"{""line"":[],""point"":[],""rect"":[[309,305,602,412,""pitch""]],""circle"":[],""rectWithCircle"":[]}"
train,,pitch,https://ai-studio-new.s3-ap-south-1.amazonaws.com/ai-studio/63d8b5e0671e5d8467abaf77/data/d3fd714-a31-2a8d-8a20-aa3bc77dafjpg.jpeg,"{""line"":[],""point"":[],""rect"":[[197,466,824,254,""pitch""]],""circle"":[],""rectWithCircle"":[]}"
train,,pitch,https://ai-studio-new.s3-ap-south-1.amazonaws.com/ai-studio/63d8b5e0671e5d8467abaf77/data/a417f1-b827-1c3b-c81-b76f4c637c38jpg.jpeg,"{""line"":[],""point"":[],""rect"":[[615,547,198,173,""pitch""]],""circle"":[],""rectWithCircle"":[]}"
train,,pitch,https://ai-studio-new.s3-ap-south-1.amazonaws.com/ai-studio/63d8b5e0671e5d8467abaf77/data/30d4f81-d5d8-1ca8-0ffb-f33ab10e464jpg.jpeg,"{""line"":[],""point"":[],""rect"":[[467,184,359,428,""pitch""]],""circle"":[],""rectWithCircle"":[]}"
train,,pitch,https://ai-studio-new.s3-ap-south-1.amazonaws.com/ai-studio/63d8b5e0671e5d8467abaf77/data/00c3e7c-033f-cc20-cce-fe320c0e0babjpg.jpeg,"{""line"":[],""point"":[],""rect"":[[428,202,424,489,""pitch""]],""circle"":[],""rectWithCircle"":[]}"
train,,pitch,https://ai-studio-new.s3-ap-south-1.amazonaws.com/ai-studio/63d8b5e0671e5d8467abaf77/data/70e0dc7-dd5-da55-c4cc-228afe6c7addjpg.jpeg,"{""line"":[],""point"":[],""rect"":[[323,317,642,398,""pitch""]],""circle"":[],""rectWithCircle"":[]}"
test,,pitch,https://ai-studio-new.s3-ap-south-1.amazonaws.com/ai-studio/63d8b5e0671e5d8467abaf77/data/c28d4a5-d41-53b-4b34-6f8bfcfbe6djpg.jpeg,"{""line"":[],""point"":[],""rect"":[[215,272,320,349,""pitch""]],""circle"":[],""rectWithCircle"":[]}"
train,,pitch,https://ai-studio-new.s3-ap-south-1.amazonaws.com/ai-studio/63d8b5e0671e5d8467abaf77/data/db61ce1-4ca8-6d41-b7b2-2718c7bd172djpg.jpeg,"{""line"":[],""point"":[],""rect"":[[460,202,380,441,""pitch""]],""circle"":[],""rectWithCircle"":[]}"
test,,pitch,https://ai-studio-new.s3-ap-south-1.amazonaws.com/ai-studio/63d8b5e0671e5d8467abaf77/data/41c4675-a568-3268-17ab-0370ed2ca07jpg.jpeg,"{""line"":[],""point"":[],""rect"":[[415,255,448,460,""pitch""]],""circle"":[],""rectWithCircle"":[]}"
train,,pitch,https://ai-studio-new.s3-ap-south-1.amazonaws.com/ai-studio/63d8b5e0671e5d8467abaf77/data/6cfbed-c7-32-f6a4-b62f067fef02jpg.jpeg,"{""line"":[],""point"":[],""rect"":[[166,435,948,279,""pitch""]],""circle"":[],""rectWithCircle"":[]}"
train,,pitch,https://ai-studio-new.s3-ap-south-1.amazonaws.com/ai-studio/63d8b5e0671e5d8467abaf77/data/68e7051-afff-b47c-dd4-1a07a334e1f7jpg.jpeg,"{""line"":[],""point"":[],""rect"":[[372,256,453,456,""pitch""]],""circle"":[],""rectWithCircle"":[]}"
train,,pitch,https://ai-studio-new.s3-ap-south-1.amazonaws.com/ai-studio/63d8b5e0671e5d8467abaf77/data/e47e32-35a3-6c3a-c8f-14b67d06064jpg.jpeg,"{""line"":[],""point"":[],""rect"":[[418,198,403,518,""pitch""]],""circle"":[],""rectWithCircle"":[]}"
train,,pitch,https://ai-studio-new.s3-ap-south-1.amazonaws.com/ai-studio/63d8b5e0671e5d8467abaf77/data/30714a1-ef3d-bf47-e4-36166763dc1jpg.jpeg,"{""line"":[],""point"":[],""rect"":[[298,297,627,415,""pitch""]],""circle"":[],""rectWithCircle"":[]}"
train,,pitch,https://ai-studio-new.s3-ap-south-1.amazonaws.com/ai-studio/63d8b5e0671e5d8467abaf77/data/a4da8c5-03f-5043-7df-b8651510db6jpg.jpeg,"{""line"":[],""point"":[],""rect"":[[169,403,919,302,""pitch""]],""circle"":[],""rectWithCircle"":[]}"
train,,pitch,https://ai-studio-new.s3-ap-south-1.amazonaws.com/ai-studio/63d8b5e0671e5d8467abaf77/data/c8d7afc-0b1-8f24-674a-0a4d254e5jpg.jpeg,"{""line"":[],""point"":[],""rect"":[[489,195,454,521,""pitch""]],""circle"":[],""rectWithCircle"":[]}"
train,,pitch,https://ai-studio-new.s3-ap-south-1.amazonaws.com/ai-studio/63d8b5e0671e5d8467abaf77/data/cbf4bc3-fb61-e68f-ff72-ac1448abajpg.jpeg,"{""line"":[],""point"":[],""rect"":[[631,228,389,489,""pitch""]],""circle"":[],""rectWithCircle"":[]}"
test,,pitch,https://ai-studio-new.s3-ap-south-1.amazonaws.com/ai-studio/63d8b5e0671e5d8467abaf77/data/58db8c2-eda7-4de0-6b3-205b403adf36jpg.jpeg,"{""line"":[],""point"":[],""rect"":[[436,216,418,478,""pitch""]],""circle"":[],""rectWithCircle"":[]}"
train,,pitch,https://ai-studio-new.s3-ap-south-1.amazonaws.com/ai-studio/63d8b5e0671e5d8467abaf77/data/724661-03c5-2a7-735e-dc82132555cjpg.jpeg,"{""line"":[],""point"":[],""rect"":[[418,244,446,469,""pitch""]],""circle"":[],""rectWithCircle"":[]}"
test,,pitch,https://ai-studio-new.s3-ap-south-1.amazonaws.com/ai-studio/63d8b5e0671e5d8467abaf77/data/bd1055-ad7e-5b07-5dc8-2428f2a1a185jpg.jpeg,"{""line"":[],""point"":[],""rect"":[[345,343,581,369,""pitch""]],""circle"":[],""rectWithCircle"":[]}"
train,,pitch,https://ai-studio-new.s3-ap-south-1.amazonaws.com/ai-studio/63d8b5e0671e5d8467abaf77/data/287c285-8332-c520-1df-cc23f5303660jpg.jpeg,"{""line"":[],""point"":[],""rect"":[[254,455,682,256,""pitch""]],""circle"":[],""rectWithCircle"":[]}"
test,,pitch,https://ai-studio-new.s3-ap-south-1.amazonaws.com/ai-studio/63d8b5e0671e5d8467abaf77/data/f1c071a-787e-80cc-a7da-a6188cb8a04cjpg.jpeg,"{""line"":[],""point"":[],""rect"":[[148,504,899,203,""pitch""]],""circle"":[],""rectWithCircle"":[]}"
train,,pitch,https://ai-studio-new.s3-ap-south-1.amazonaws.com/ai-studio/63d8b5e0671e5d8467abaf77/data/cb7d117-7bd-c5-5f5-2b150f16c32jpg.jpeg,"{""line"":[],""point"":[],""rect"":[[485,184,320,433,""pitch""]],""circle"":[],""rectWithCircle"":[]}"
train,,pitch,https://ai-studio-new.s3-ap-south-1.amazonaws.com/ai-studio/63d8b5e0671e5d8467abaf77/data/86bb573-ddf3-2088-c207-028456a756ajpg.jpeg,"{""line"":[],""point"":[],""rect"":[[461,188,351,478,""pitch""]],""circle"":[],""rectWithCircle"":[]}"
train,,pitch,https://ai-studio-new.s3-ap-south-1.amazonaws.com/ai-studio/63d8b5e0671e5d8467abaf77/data/31e2785-4426-01b2-dfda-3c1c17101e1fjpg.jpeg,"{""line"":[],""point"":[],""rect"":[[438,184,378,519,""pitch""]],""circle"":[],""rectWithCircle"":[]}"
train,,pitch,https://ai-studio-new.s3-ap-south-1.amazonaws.com/ai-studio/63d8b5e0671e5d8467abaf77/data/6311d8e-6505-ab14-ea74-a8dbea06283jpg.jpeg,"{""line"":[],""point"":[],""rect"":[[401,228,422,476,""pitch""]],""circle"":[],""rectWithCircle"":[]}"
train,,pitch,https://ai-studio-new.s3-ap-south-1.amazonaws.com/ai-studio/63d8b5e0671e5d8467abaf77/data/d758c7-f6f-3a68-7607-0b6b11cc2fcjpg.jpeg,"{""line"":[],""point"":[],""rect"":[[191,299,799,418,""pitch""]],""circle"":[],""rectWithCircle"":[]}"
test,,pitch,https://ai-studio-new.s3-ap-south-1.amazonaws.com/ai-studio/63d8b5e0671e5d8467abaf77/data/301e515-7462-d5dd-664e-2f3017c42eb5jpg.jpeg,"{""line"":[],""point"":[],""rect"":[[509,176,280,412,""pitch""]],""circle"":[],""rectWithCircle"":[]}"
test,,pitch,https://ai-studio-new.s3-ap-south-1.amazonaws.com/ai-studio/63d8b5e0671e5d8467abaf77/data/fa827fa-5b3-b77c-08e-e6fbd656d16jpg.jpeg,"{""line"":[],""point"":[],""rect"":[[471,177,365,489,""pitch""]],""circle"":[],""rectWithCircle"":[]}"
train,,pitch,https://ai-studio-new.s3-ap-south-1.amazonaws.com/ai-studio/63d8b5e0671e5d8467abaf77/data/3dbec7-eb6d-258d-142-f5013c7bfcfjpg.jpeg,"{""line"":[],""point"":[],""rect"":[[451,193,433,520,""pitch""]],""circle"":[],""rectWithCircle"":[]}"
test,,pitch,https://ai-studio-new.s3-ap-south-1.amazonaws.com/ai-studio/63d8b5e0671e5d8467abaf77/data/217a5b7-f6d-3c8a-60d-1105ab27ac3jpg.jpeg,"{""line"":[],""point"":[],""rect"":[[310,310,780,395,""pitch""]],""circle"":[],""rectWithCircle"":[]}"
train,,pitch,https://ai-studio-new.s3-ap-south-1.amazonaws.com/ai-studio/63d8b5e0671e5d8467abaf77/data/13deea5-32bb-c6e3-406-ab403f805edjpg.jpeg,"{""line"":[],""point"":[],""rect"":[[486,185,279,401,""pitch""]],""circle"":[],""rectWithCircle"":[]}"
train,,pitch,https://ai-studio-new.s3-ap-south-1.amazonaws.com/ai-studio/63d8b5e0671e5d8467abaf77/data/5238d-0ee7-b6ce-661-772a47237c4jpg.jpeg,"{""line"":[],""point"":[],""rect"":[[457,192,334,443,""pitch""]],""circle"":[],""rectWithCircle"":[]}"
test,,pitch,https://ai-studio-new.s3-ap-south-1.amazonaws.com/ai-studio/63d8b5e0671e5d8467abaf77/data/702087c-d2b2-e8ed-248-471586f04381jpg.jpeg,"{""line"":[],""point"":[],""rect"":[[451,211,373,494,""pitch""]],""circle"":[],""rectWithCircle"":[]}"
train,,pitch,https://ai-studio-new.s3-ap-south-1.amazonaws.com/ai-studio/63d8b5e0671e5d8467abaf77/data/a606b4f-3a43-457f-305a-5f7c66a16jpg.jpeg,"{""line"":[],""point"":[],""rect"":[[346,297,601,414,""pitch""]],""circle"":[],""rectWithCircle"":[]}"
test,,pitch,https://ai-studio-new.s3-ap-south-1.amazonaws.com/ai-studio/63d8b5e0671e5d8467abaf77/data/d84ddef-676d-1ca8-c875-12ff135b415ajpg.jpeg,"{""line"":[],""point"":[],""rect"":[[227,396,781,324,""pitch""]],""circle"":[],""rectWithCircle"":[]}"
train,,pitch,https://ai-studio-new.s3-ap-south-1.amazonaws.com/ai-studio/63d8b5e0671e5d8467abaf77/data/fc2e40d-e071-341d-8378-81845a4125f5jpg.jpeg,"{""line"":[],""point"":[],""rect"":[[415,222,440,496,""pitch""]],""circle"":[],""rectWithCircle"":[]}"
train,,pitch,https://ai-studio-new.s3-ap-south-1.amazonaws.com/ai-studio/63d8b5e0671e5d8467abaf77/data/fbfa0a-b2aa-82dd-af2c-ef3a833664jpg.jpeg,"{""line"":[],""point"":[],""rect"":[[381,296,549,416,""pitch""]],""circle"":[],""rectWithCircle"":[]}"
train,,pitch,https://ai-studio-new.s3-ap-south-1.amazonaws.com/ai-studio/63d8b5e0671e5d8467abaf77/data/e5b262e-82ee-e8d6-c8a8-bea86cf45d2jpg.jpeg,"{""line"":[],""point"":[],""rect"":[[256,399,745,310,""pitch""]],""circle"":[],""rectWithCircle"":[]}"
test,,pitch,https://ai-studio-new.s3-ap-south-1.amazonaws.com/ai-studio/63d8b5e0671e5d8467abaf77/data/14e35a-dbec-bdd8-b7c8-e1fe4651156bjpg.jpeg,"{""line"":[],""point"":[],""rect"":[[127,444,967,273,""pitch""]],""circle"":[],""rectWithCircle"":[]}"
train,,pitch,https://ai-studio-new.s3-ap-south-1.amazonaws.com/ai-studio/63d8b5e0671e5d8467abaf77/data/4fd0bbd-ef2-51f-f615-074f88240afejpg.jpeg,"{""line"":[],""point"":[],""rect"":[[382,275,499,430,""pitch""]],""circle"":[],""rectWithCircle"":[]}"
train,,pitch,https://ai-studio-new.s3-ap-south-1.amazonaws.com/ai-studio/63d8b5e0671e5d8467abaf77/data/4df337-6107-cb85-414-256e282f1d2jpg.jpeg,"{""line"":[],""point"":[],""rect"":[[490,354,295,341,""pitch""]],""circle"":[],""rectWithCircle"":[]}"
train,,pitch,https://ai-studio-new.s3-ap-south-1.amazonaws.com/ai-studio/63d8b5e0671e5d8467abaf77/data/c1ccb34-58fe-4333-abd0-cf461518e3jpg.jpeg,"{""line"":[],""point"":[],""rect"":[[504,407,263,291,""pitch""]],""circle"":[],""rectWithCircle"":[]}"
train,,pitch,https://ai-studio-new.s3-ap-south-1.amazonaws.com/ai-studio/63d8b5e0671e5d8467abaf77/data/786735-7c25-2bfb-6231-1ec5d5c11f00jpg.jpeg,"{""line"":[],""point"":[],""rect"":[[455,194,383,456,""pitch""]],""circle"":[],""rectWithCircle"":[]}"
train,,pitch,https://ai-studio-new.s3-ap-south-1.amazonaws.com/ai-studio/63d8b5e0671e5d8467abaf77/data/eb1d25e-4e10-46f0-c7f6-205fd0ebebajpg.jpeg,"{""line"":[],""point"":[],""rect"":[[375,246,549,469,""pitch""]],""circle"":[],""rectWithCircle"":[]}"
train,,pitch,https://ai-studio-new.s3-ap-south-1.amazonaws.com/ai-studio/63d8b5e0671e5d8467abaf77/data/73c14e4-aa4a-a2b2-6ac7-dad1e8e550djpg.jpeg,"{""line"":[],""point"":[],""rect"":[[139,423,931,289,""pitch""]],""circle"":[],""rectWithCircle"":[]}"
train,,pitch,https://ai-studio-new.s3-ap-south-1.amazonaws.com/ai-studio/63d8b5e0671e5d8467abaf77/data/b4337-5d1-6a08-bf1e-f41371e20fejpg.jpeg,"{""line"":[],""point"":[],""rect"":[[446,317,391,398,""pitch""]],""circle"":[],""rectWithCircle"":[]}"
train,,pitch,https://ai-studio-new.s3-ap-south-1.amazonaws.com/ai-studio/63d8b5e0671e5d8467abaf77/data/33f7fd7-16fd-43c1-5e63-60bc5b4c14dajpg.jpeg,"{""line"":[],""point"":[],""rect"":[[502,393,279,302,""pitch""]],""circle"":[],""rectWithCircle"":[]}"
train,,pitch,https://ai-studio-new.s3-ap-south-1.amazonaws.com/ai-studio/63d8b5e0671e5d8467abaf77/data/025f6ec-7d82-34cd-f072-17bf668ba5fbjpg.jpeg,"{""line"":[],""point"":[],""rect"":[[514,406,245,280,""pitch""]],""circle"":[],""rectWithCircle"":[]}"
train,,pitch,https://ai-studio-new.s3-ap-south-1.amazonaws.com/ai-studio/63d8b5e0671e5d8467abaf77/data/2fe7d0c-824d-b412-130-450ccc4074bjpg.jpeg,"{""line"":[],""point"":[],""rect"":[[512,409,248,271,""pitch""]],""circle"":[],""rectWithCircle"":[]}"
train,,pitch,https://ai-studio-new.s3-ap-south-1.amazonaws.com/ai-studio/63d8b5e0671e5d8467abaf77/data/1fd1e8b-ce45-a0d0-e24f-fe7b406081jpg.jpeg,"{""line"":[],""point"":[],""rect"":[[418,204,422,492,""pitch""]],""circle"":[],""rectWithCircle"":[]}"
train,,pitch,https://ai-studio-new.s3-ap-south-1.amazonaws.com/ai-studio/63d8b5e0671e5d8467abaf77/data/d4ef3f-0072-64b7-17c4-825124734bf0jpg.jpeg,"{""line"":[],""point"":[],""rect"":[[380,275,506,439,""pitch""]],""circle"":[],""rectWithCircle"":[]}"
train,,pitch,https://ai-studio-new.s3-ap-south-1.amazonaws.com/ai-studio/63d8b5e0671e5d8467abaf77/data/0de0335-3e7-14ef-d76-0b4230e4e2jpg.jpeg,"{""line"":[],""point"":[],""rect"":[[244,378,714,341,""pitch""]],""circle"":[],""rectWithCircle"":[]}"
train,,pitch,https://ai-studio-new.s3-ap-south-1.amazonaws.com/ai-studio/63d8b5e0671e5d8467abaf77/data/44028b3-b3d2-7e03-5778-7e4e37fb774ajpg.jpeg,"{""line"":[],""point"":[],""rect"":[[112,469,940,249,""pitch""]],""circle"":[],""rectWithCircle"":[]}"
train,,pitch,https://ai-studio-new.s3-ap-south-1.amazonaws.com/ai-studio/63d8b5e0671e5d8467abaf77/data/44a54da-aa3c-414-cb8-8a34c3634b3jpg.jpeg,"{""line"":[],""point"":[],""rect"":[[51,463,1050,249,""pitch""]],""circle"":[],""rectWithCircle"":[]}"
train,,pitch,https://ai-studio-new.s3-ap-south-1.amazonaws.com/ai-studio/63d8b5e0671e5d8467abaf77/data/42e8e51-706-e4-8feb-a7ab083aff64jpg.jpeg,"{""line"":[],""point"":[],""rect"":[[411,215,530,499,""pitch""]],""circle"":[],""rectWithCircle"":[]}"
train,,pitch,https://ai-studio-new.s3-ap-south-1.amazonaws.com/ai-studio/63d8b5e0671e5d8467abaf77/data/e11142-acfe-3ca8-8347-c1c8fe08d076jpg.jpeg,"{""line"":[],""point"":[],""rect"":[[439,190,458,506,""pitch""]],""circle"":[],""rectWithCircle"":[]}"
train,,pitch,https://ai-studio-new.s3-ap-south-1.amazonaws.com/ai-studio/63d8b5e0671e5d8467abaf77/data/23b7ed2-37a6-0e73-fbd5-00cde0017b31jpg.jpeg,"{""line"":[],""point"":[],""rect"":[[452,212,430,458,""pitch""]],""circle"":[],""rectWithCircle"":[]}"
train,,pitch,https://ai-studio-new.s3-ap-south-1.amazonaws.com/ai-studio/63d8b5e0671e5d8467abaf77/data/753205-18c2-e38-62aa-371c8af6450jpg.jpeg,"{""line"":[],""point"":[],""rect"":[[471,193,327,354,""pitch""]],""circle"":[],""rectWithCircle"":[]}"
train,,pitch,https://ai-studio-new.s3-ap-south-1.amazonaws.com/ai-studio/63d8b5e0671e5d8467abaf77/data/c08ac22-efb2-50aa-5c01-e1e815080132jpg.jpeg,"{""line"":[],""point"":[],""rect"":[[516,165,194,213,""pitch""]],""circle"":[],""rectWithCircle"":[]}"
train,,pitch,https://ai-studio-new.s3-ap-south-1.amazonaws.com/ai-studio/63d8b5e0671e5d8467abaf77/data/16d3c7-553b-5ead-d10-da7ae56b832cjpg.jpeg,"{""line"":[],""point"":[],""rect"":[[556,174,183,220,""pitch""]],""circle"":[],""rectWithCircle"":[]}"
train,,pitch,https://ai-studio-new.s3-ap-south-1.amazonaws.com/ai-studio/63d8b5e0671e5d8467abaf77/data/0d65ef-8d77-bffb-1da0-51c42abc1c1jpg.jpeg,"{""line"":[],""point"":[],""rect"":[[552,183,202,228,""pitch""]],""circle"":[],""rectWithCircle"":[]}"
train,,pitch,https://ai-studio-new.s3-ap-south-1.amazonaws.com/ai-studio/63d8b5e0671e5d8467abaf77/data/4d7d4d3-fd2d-a55f-5a1b-6bd42ec76djpg.jpeg,"{""line"":[],""point"":[],""rect"":[[536,170,234,274,""pitch""]],""circle"":[],""rectWithCircle"":[]}"
train,,pitch,https://ai-studio-new.s3-ap-south-1.amazonaws.com/ai-studio/63d8b5e0671e5d8467abaf77/data/1c81730-facf-65fa-6144-b6a1ff2bee3jpg.jpeg,"{""line"":[],""point"":[],""rect"":[[517,176,268,313,""pitch""]],""circle"":[],""rectWithCircle"":[]}"
train,,pitch,https://ai-studio-new.s3-ap-south-1.amazonaws.com/ai-studio/63d8b5e0671e5d8467abaf77/data/faf6e6-cda-745c-874f-e741ad28818jpg.jpeg,"{""line"":[],""point"":[],""rect"":[[509,190,287,338,""pitch""]],""circle"":[],""rectWithCircle"":[]}"
train,,pitch,https://ai-studio-new.s3-ap-south-1.amazonaws.com/ai-studio/63d8b5e0671e5d8467abaf77/data/e234705-7fa2-66-dc3-25137c02a15cjpg.jpeg,"{""line"":[],""point"":[],""rect"":[[480,193,360,401,""pitch""]],""circle"":[],""rectWithCircle"":[]}"
train,,pitch,https://ai-studio-new.s3-ap-south-1.amazonaws.com/ai-studio/63d8b5e0671e5d8467abaf77/data/8bcb7a1-6a12-fca2-e8a-d7f17f78106jpg.jpeg,"{""line"":[],""point"":[],""rect"":[[466,221,379,443,""pitch""]],""circle"":[],""rectWithCircle"":[]}"
train,,pitch,https://ai-studio-new.s3-ap-south-1.amazonaws.com/ai-studio/63d8b5e0671e5d8467abaf77/data/6fc1ef5-758e-da-a152-fa5a0b0cd351jpg.jpeg,"{""line"":[],""point"":[],""rect"":[[404,293,514,427,""pitch""]],""circle"":[],""rectWithCircle"":[]}"
train,,pitch,https://ai-studio-new.s3-ap-south-1.amazonaws.com/ai-studio/63d8b5e0671e5d8467abaf77/data/5ad053-0b16-f537-f6b-4d6eb23ddf4jpg.jpeg,"{""line"":[],""point"":[],""rect"":[[66,501,957,220,""pitch""]],""circle"":[],""rectWithCircle"":[]}"
train,,pitch,https://ai-studio-new.s3-ap-south-1.amazonaws.com/ai-studio/63d8b5e0671e5d8467abaf77/data/4ee80ce-ef74-33a-f84d-dd60edc2e73jpg.jpeg,"{""line"":[],""point"":[],""rect"":[[511,191,269,378,""pitch""]],""circle"":[],""rectWithCircle"":[]}"
train,,pitch,https://ai-studio-new.s3-ap-south-1.amazonaws.com/ai-studio/63d8b5e0671e5d8467abaf77/data/64f8f46-80c-0fbc-3b78-1dd35f47b3jpg.jpeg,"{""line"":[],""point"":[],""rect"":[[480,187,324,423,""pitch""]],""circle"":[],""rectWithCircle"":[]}"
train,,pitch,https://ai-studio-new.s3-ap-south-1.amazonaws.com/ai-studio/63d8b5e0671e5d8467abaf77/data/856e6e2-5023-f6-cbad-54e3065db8e1jpg.jpeg,"{""line"":[],""point"":[],""rect"":[[460,174,388,525,""pitch""]],""circle"":[],""rectWithCircle"":[]}"
train,,pitch,https://ai-studio-new.s3-ap-south-1.amazonaws.com/ai-studio/63d8b5e0671e5d8467abaf77/data/2d465b-20ac-2f77-67bb-fa3ac6c1361jpg.jpeg,"{""line"":[],""point"":[],""rect"":[[896,709,-484,-457,""pitch""]],""circle"":[],""rectWithCircle"":[]}"
train,,pitch,https://ai-studio-new.s3-ap-south-1.amazonaws.com/ai-studio/63d8b5e0671e5d8467abaf77/data/5f46a71-3b4b-25a3-7b77-0421240c24jpg.jpeg,"{""line"":[],""point"":[],""rect"":[[324,389,629,329,""pitch""]],""circle"":[],""rectWithCircle"":[]}"
train,,pitch,https://ai-studio-new.s3-ap-south-1.amazonaws.com/ai-studio/63d8b5e0671e5d8467abaf77/data/ff11a6-1cfb-756e-e50f-72eda84018bjpg.jpeg,"{""line"":[],""point"":[],""rect"":[[423,246,439,470,""pitch""]],""circle"":[],""rectWithCircle"":[]}"
train,,pitch,https://ai-studio-new.s3-ap-south-1.amazonaws.com/ai-studio/63d8b5e0671e5d8467abaf77/data/2313716-e73-1c27-8d1b-a4c3b848e425jpg.jpeg,"{""line"":[],""point"":[],""rect"":[[348,327,560,385,""pitch""]],""circle"":[],""rectWithCircle"":[]}"
train,,pitch,https://ai-studio-new.s3-ap-south-1.amazonaws.com/ai-studio/63d8b5e0671e5d8467abaf77/data/f884745-ef73-00ae-843a-e063477f432jpg.jpeg,"{""line"":[],""point"":[],""rect"":[[274,414,701,294,""pitch""]],""circle"":[],""rectWithCircle"":[]}"
train,,pitch,https://ai-studio-new.s3-ap-south-1.amazonaws.com/ai-studio/63d8b5e0671e5d8467abaf77/data/e0e17fd-10fc-6f67-358b-67e3c8c60b8djpg.jpeg,"{""line"":[],""point"":[],""rect"":[[194,455,844,263,""pitch""]],""circle"":[],""rectWithCircle"":[]}"
train,,pitch,https://ai-studio-new.s3-ap-south-1.amazonaws.com/ai-studio/63d8b5e0671e5d8467abaf77/data/a327e7-d75-bd3-40f-434f14cb5cjpg.jpeg,"{""line"":[],""point"":[],""rect"":[[133,486,936,224,""pitch""]],""circle"":[],""rectWithCircle"":[]}"
train,,pitch,https://ai-studio-new.s3-ap-south-1.amazonaws.com/ai-studio/63d8b5e0671e5d8467abaf77/data/e5bdb-aa7-ed10-d87a-fcfd32375e7jpg.jpeg,"{""line"":[],""point"":[],""rect"":[[95,543,963,174,""pitch""]],""circle"":[],""rectWithCircle"":[]}"
train,,pitch,https://ai-studio-new.s3-ap-south-1.amazonaws.com/ai-studio/63d8b5e0671e5d8467abaf77/data/3c3f45-da-fcca-5d1-0c14aa83d84fjpg.jpeg,"{""line"":[],""point"":[],""rect"":[[1066,709,-941,-182,""pitch""]],""circle"":[],""rectWithCircle"":[]}"
train,,pitch,https://ai-studio-new.s3-ap-south-1.amazonaws.com/ai-studio/63d8b5e0671e5d8467abaf77/data/4efee7-78bd-d4-fccf-6cc5ce3704bajpg.jpeg,"{""line"":[],""point"":[],""rect"":[[502,204,305,371,""pitch""]],""circle"":[],""rectWithCircle"":[]}"
train,,pitch,https://ai-studio-new.s3-ap-south-1.amazonaws.com/ai-studio/63d8b5e0671e5d8467abaf77/data/0cd57d-57c7-d88d-8137-7d46cfcea77jpg.jpeg,"{""line"":[],""point"":[],""rect"":[[471,218,376,416,""pitch""]],""circle"":[],""rectWithCircle"":[]}"
train,,pitch,https://ai-studio-new.s3-ap-south-1.amazonaws.com/ai-studio/63d8b5e0671e5d8467abaf77/data/820dfad-18b-a20-04a2-0df7c3adec0djpg.jpeg,"{""line"":[],""point"":[],""rect"":[[432,270,440,443,""pitch""]],""circle"":[],""rectWithCircle"":[]}"
train,,pitch,https://ai-studio-new.s3-ap-south-1.amazonaws.com/ai-studio/63d8b5e0671e5d8467abaf77/data/2a8e5c-aac-2dfb-f5e-d063227c4b45jpg.jpeg,"{""line"":[],""point"":[],""rect"":[[307,473,738,243,""pitch""]],""circle"":[],""rectWithCircle"":[]}"
train,,pitch,https://ai-studio-new.s3-ap-south-1.amazonaws.com/ai-studio/63d8b5e0671e5d8467abaf77/data/6e3b150-a378-505-2f3-40e14f63c731jpg.jpeg,"{""line"":[],""point"":[],""rect"":[[692,304,302,327,""pitch""]],""circle"":[],""rectWithCircle"":[]}"
train,,pitch,https://ai-studio-new.s3-ap-south-1.amazonaws.com/ai-studio/63d8b5e0671e5d8467abaf77/data/748602e-53f2-0062-818-3eaea384a06cjpg.jpeg,"{""line"":[],""point"":[],""rect"":[[844,322,153,176,""pitch""]],""circle"":[],""rectWithCircle"":[]}"
train,,pitch,https://ai-studio-new.s3-ap-south-1.amazonaws.com/ai-studio/63d8b5e0671e5d8467abaf77/data/e6fcd82-ec62-72e7-53b7-54134da1cbjpg.jpeg,"{""line"":[],""point"":[],""rect"":[[501,163,280,327,""pitch""]],""circle"":[],""rectWithCircle"":[]}"
train,,pitch,https://ai-studio-new.s3-ap-south-1.amazonaws.com/ai-studio/63d8b5e0671e5d8467abaf77/data/6b5503c-c527-fa7b-e283-dffa316c4524jpg.jpeg,"{""line"":[],""point"":[],""rect"":[[480,170,331,380,""pitch""]],""circle"":[],""rectWithCircle"":[]}"
train,,pitch,https://ai-studio-new.s3-ap-south-1.amazonaws.com/ai-studio/63d8b5e0671e5d8467abaf77/data/078bbf3-45a8-23a-b2c5-bb4202e6b4f7jpg.jpeg,"{""line"":[],""point"":[],""rect"":[[453,179,372,435,""pitch""]],""circle"":[],""rectWithCircle"":[]}"
test,,pitch,https://ai-studio-new.s3-ap-south-1.amazonaws.com/ai-studio/63d8b5e0671e5d8467abaf77/data/c351040-a5ce-e538-d2cb-b7fd462f7700jpg.jpeg,"{""line"":[],""point"":[],""rect"":[[865,714,-429,-489,""pitch""]],""circle"":[],""rectWithCircle"":[]}"
train,,pitch,https://ai-studio-new.s3-ap-south-1.amazonaws.com/ai-studio/63d8b5e0671e5d8467abaf77/data/61a6c5-6a57-aaab-8b4-d2ff35b8ed1jpg.jpeg,"{""line"":[],""point"":[],""rect"":[[272,428,721,286,""pitch""]],""circle"":[],""rectWithCircle"":[]}"
train,,pitch,https://ai-studio-new.s3-ap-south-1.amazonaws.com/ai-studio/63d8b5e0671e5d8467abaf77/data/5e1d87-435-4a0d-ff26-24757241f8jpg.jpeg,"{""line"":[],""point"":[],""rect"":[[476,251,509,464,""pitch""]],""circle"":[],""rectWithCircle"":[]}"
train,,pitch,https://ai-studio-new.s3-ap-south-1.amazonaws.com/ai-studio/63d8b5e0671e5d8467abaf77/data/0f6bcdd-a30-ae7-ebd-038258e606jpg.jpeg,"{""line"":[],""point"":[],""rect"":[[820,338,359,383,""pitch""]],""circle"":[],""rectWithCircle"":[]}"
test,,pitch,https://ai-studio-new.s3-ap-south-1.amazonaws.com/ai-studio/63d8b5e0671e5d8467abaf77/data/1bac0be-cf83-c137-fcc-417e5e54ec5jpg.jpeg,"{""line"":[],""point"":[],""rect"":[[489,221,277,384,""pitch""]],""circle"":[],""rectWithCircle"":[]}"
train,,pitch,https://ai-studio-new.s3-ap-south-1.amazonaws.com/ai-studio/63d8b5e0671e5d8467abaf77/data/612238-e01-d3d-8b3-10abe018a6bbjpg.jpeg,"{""line"":[],""point"":[],""rect"":[[447,232,350,477,""pitch""]],""circle"":[],""rectWithCircle"":[]}"
train,,pitch,https://ai-studio-new.s3-ap-south-1.amazonaws.com/ai-studio/63d8b5e0671e5d8467abaf77/data/4f0617-f18-687f-c487-5b26007705ajpg.jpeg,"{""line"":[],""point"":[],""rect"":[[322,292,524,418,""pitch""]],""circle"":[],""rectWithCircle"":[]}"
train,,pitch,https://ai-studio-new.s3-ap-south-1.amazonaws.com/ai-studio/63d8b5e0671e5d8467abaf77/data/db05c0-d43-d76a-c31-0f60bd2a23f4jpg.jpeg,"{""line"":[],""point"":[],""rect"":[[190,453,830,247,""pitch""]],""circle"":[],""rectWithCircle"":[]}"
train,,pitch,https://ai-studio-new.s3-ap-south-1.amazonaws.com/ai-studio/63d8b5e0671e5d8467abaf77/data/f5c32-eea6-7ba8-3364-d3368e5d7080jpg.jpeg,"{""line"":[],""point"":[],""rect"":[[588,321,374,391,""pitch""]],""circle"":[],""rectWithCircle"":[]}"
train,,pitch,https://ai-studio-new.s3-ap-south-1.amazonaws.com/ai-studio/63d8b5e0671e5d8467abaf77/data/c400208-8e8-060d-af3e-f7d70be3d488jpg.jpeg,"{""line"":[],""point"":[],""rect"":[[635,360,346,349,""pitch""]],""circle"":[],""rectWithCircle"":[]}"
train,,pitch,https://ai-studio-new.s3-ap-south-1.amazonaws.com/ai-studio/63d8b5e0671e5d8467abaf77/data/a711a8-1522-f33-fc7-373880563b8fjpg.jpeg,"{""line"":[],""point"":[],""rect"":[[568,209,201,288,""pitch""]],""circle"":[],""rectWithCircle"":[]}"
train,,pitch,https://ai-studio-new.s3-ap-south-1.amazonaws.com/ai-studio/63d8b5e0671e5d8467abaf77/data/df3aa43-44-13a-0015-46bf5dde7d0jpg.jpeg,"{""line"":[],""point"":[],""rect"":[[546,219,231,327,""pitch""]],""circle"":[],""rectWithCircle"":[]}"
train,,pitch,https://ai-studio-new.s3-ap-south-1.amazonaws.com/ai-studio/63d8b5e0671e5d8467abaf77/data/ca6883f-58eb-c5ca-4db7-c510fba743djpg.jpeg,"{""line"":[],""point"":[],""rect"":[[517,233,279,398,""pitch""]],""circle"":[],""rectWithCircle"":[]}"
train,,pitch,https://ai-studio-new.s3-ap-south-1.amazonaws.com/ai-studio/63d8b5e0671e5d8467abaf77/data/4a6e22e-31cc-11f-cc7f-68bbc6053f75jpg.jpeg,"{""line"":[],""point"":[],""rect"":[[483,275,374,439,""pitch""]],""circle"":[],""rectWithCircle"":[]}"
train,,pitch,https://ai-studio-new.s3-ap-south-1.amazonaws.com/ai-studio/63d8b5e0671e5d8467abaf77/data/ad27a12-8c32-ecda-a761-0aa8c64e4cjpg.jpeg,"{""line"":[],""point"":[],""rect"":[[355,377,622,334,""pitch""]],""circle"":[],""rectWithCircle"":[]}"
train,,pitch,https://ai-studio-new.s3-ap-south-1.amazonaws.com/ai-studio/63d8b5e0671e5d8467abaf77/data/b72be61-4b4d-08d4-b106-724ab73108cjpg.jpeg,"{""line"":[],""point"":[],""rect"":[[496,300,365,413,""pitch""]],""circle"":[],""rectWithCircle"":[]}"
train,,pitch,https://ai-studio-new.s3-ap-south-1.amazonaws.com/ai-studio/63d8b5e0671e5d8467abaf77/data/1814a2-63-0cac-7bea-e4eb0d25f4jpg.jpeg,"{""line"":[],""point"":[],""rect"":[[415,307,327,386,""pitch""]],""circle"":[],""rectWithCircle"":[]}"
train,,pitch,https://ai-studio-new.s3-ap-south-1.amazonaws.com/ai-studio/63d8b5e0671e5d8467abaf77/data/2eb526-a7da-6f41-5afa-121a21643b51jpg.jpeg,"{""line"":[],""point"":[],""rect"":[[371,230,469,489,""pitch""]],""circle"":[],""rectWithCircle"":[]}"
train,,pitch,https://ai-studio-new.s3-ap-south-1.amazonaws.com/ai-studio/63d8b5e0671e5d8467abaf77/data/42e26c-656e-ef4e-50e-ab0051e68a4jpg.jpeg,"{""line"":[],""point"":[],""rect"":[[339,232,528,471,""pitch""]],""circle"":[],""rectWithCircle"":[]}"
train,,pitch,https://ai-studio-new.s3-ap-south-1.amazonaws.com/ai-studio/63d8b5e0671e5d8467abaf77/data/dc3e3b3-a41d-728f-f16c-b83aff4475jpg.jpeg,"{""line"":[],""point"":[],""rect"":[[311,261,594,457,""pitch""]],""circle"":[],""rectWithCircle"":[]}"
train,,pitch,https://ai-studio-new.s3-ap-south-1.amazonaws.com/ai-studio/63d8b5e0671e5d8467abaf77/data/b52623-a1d-2ae5-1746-3acb8d231108jpg.jpeg,"{""line"":[],""point"":[],""rect"":[[298,292,600,411,""pitch""]],""circle"":[],""rectWithCircle"":[]}"
train,,pitch,https://ai-studio-new.s3-ap-south-1.amazonaws.com/ai-studio/63d8b5e0671e5d8467abaf77/data/205ceaf-c478-4d36-d3e-630e505dba68jpg.jpeg,"{""line"":[],""point"":[],""rect"":[[289,332,615,384,""pitch""]],""circle"":[],""rectWithCircle"":[]}"
train,,pitch,https://ai-studio-new.s3-ap-south-1.amazonaws.com/ai-studio/63d8b5e0671e5d8467abaf77/data/eb6644-6a45-ef3c-858-47e5fb303f26jpg.jpeg,"{""line"":[],""point"":[],""rect"":[[245,343,651,369,""pitch""]],""circle"":[],""rectWithCircle"":[]}"
train,,pitch,https://ai-studio-new.s3-ap-south-1.amazonaws.com/ai-studio/63d8b5e0671e5d8467abaf77/data/7223c6a-ffd-280f-4a3f-ab352d325ejpg.jpeg,"{""line"":[],""point"":[],""rect"":[[212,378,696,326,""pitch""]],""circle"":[],""rectWithCircle"":[]}"
train,,pitch,https://ai-studio-new.s3-ap-south-1.amazonaws.com/ai-studio/63d8b5e0671e5d8467abaf77/data/cdbf36-aa0d-511-6b05-714c81a2jpg.jpeg,"{""line"":[],""point"":[],""rect"":[[901,713,-734,-318,""pitch""]],""circle"":[],""rectWithCircle"":[]}"
train,,pitch,https://ai-studio-new.s3-ap-south-1.amazonaws.com/ai-studio/63d8b5e0671e5d8467abaf77/data/748045-5c0-78ff-536-401df758e2c7jpg.jpeg,"{""line"":[],""point"":[],""rect"":[[424,236,300,342,""pitch""]],""circle"":[],""rectWithCircle"":[]}"
train,,pitch,https://ai-studio-new.s3-ap-south-1.amazonaws.com/ai-studio/63d8b5e0671e5d8467abaf77/data/8b5254a-27f-a73b-78f-63f880c70ec2jpg.jpeg,"{""line"":[],""point"":[],""rect"":[[422,226,307,355,""pitch""]],""circle"":[],""rectWithCircle"":[]}"
train,,pitch,https://ai-studio-new.s3-ap-south-1.amazonaws.com/ai-studio/63d8b5e0671e5d8467abaf77/data/8fbba78-6ba7-6dce-256d-33f71dea6a84jpg.jpeg,"{""line"":[],""point"":[],""rect"":[[436,237,302,350,""pitch""]],""circle"":[],""rectWithCircle"":[]}"
train,,pitch,https://ai-studio-new.s3-ap-south-1.amazonaws.com/ai-studio/63d8b5e0671e5d8467abaf77/data/716468-db-35a-ce26-405f3adba1jpg.jpeg,"{""line"":[],""point"":[],""rect"":[[462,236,310,347,""pitch""]],""circle"":[],""rectWithCircle"":[]}"
train,,pitch,https://ai-studio-new.s3-ap-south-1.amazonaws.com/ai-studio/63d8b5e0671e5d8467abaf77/data/2ca051-37c8-ca0f-a84d-c77d40a4b76jpg.jpeg,"{""line"":[],""point"":[],""rect"":[[506,240,297,335,""pitch""]],""circle"":[],""rectWithCircle"":[]}"
train,,pitch,https://ai-studio-new.s3-ap-south-1.amazonaws.com/ai-studio/63d8b5e0671e5d8467abaf77/data/fd84a7-f411-8e41-720-8713beb8cjpg.jpeg,"{""line"":[],""point"":[],""rect"":[[551,244,280,320,""pitch""]],""circle"":[],""rectWithCircle"":[]}"
train,,pitch,https://ai-studio-new.s3-ap-south-1.amazonaws.com/ai-studio/63d8b5e0671e5d8467abaf77/data/04ceb4-1f4-75b8-5ba3-e760af01cd1jpg.jpeg,"{""line"":[],""point"":[],""rect"":[[585,249,256,309,""pitch""]],""circle"":[],""rectWithCircle"":[]}"
train,,pitch,https://ai-studio-new.s3-ap-south-1.amazonaws.com/ai-studio/63d8b5e0671e5d8467abaf77/data/1b2b37d-1c48-366-d7aa-0fa48baa1f4jpg.jpeg,"{""line"":[],""point"":[],""rect"":[[454,190,357,402,""pitch""]],""circle"":[],""rectWithCircle"":[]}"
train,,pitch,https://ai-studio-new.s3-ap-south-1.amazonaws.com/ai-studio/63d8b5e0671e5d8467abaf77/data/7b5c2f2-da40-6fa-56f3-d1f5bc7c260jpg.jpeg,"{""line"":[],""point"":[],""rect"":[[410,235,452,472,""pitch""]],""circle"":[],""rectWithCircle"":[]}"
train,,pitch,https://ai-studio-new.s3-ap-south-1.amazonaws.com/ai-studio/63d8b5e0671e5d8467abaf77/data/46d2-4381-006b-f44-a86ec3347bjpg.jpeg,"{""line"":[],""point"":[],""rect"":[[260,399,798,307,""pitch""]],""circle"":[],""rectWithCircle"":[]}"
train,,pitch,https://ai-studio-new.s3-ap-south-1.amazonaws.com/ai-studio/63d8b5e0671e5d8467abaf77/data/8c5c8c4-8d8a-3523-ca54-00f4ba6cc10jpg.jpeg,"{""line"":[],""point"":[],""rect"":[[475,191,374,451,""pitch""]],""circle"":[],""rectWithCircle"":[]}"
train,,pitch,https://ai-studio-new.s3-ap-south-1.amazonaws.com/ai-studio/63d8b5e0671e5d8467abaf77/data/d4c80a-483c-6ceb-34c-e43f88b0533jpg.jpeg,"{""line"":[],""point"":[],""rect"":[[462,208,417,465,""pitch""]],""circle"":[],""rectWithCircle"":[]}"
train,,pitch,https://ai-studio-new.s3-ap-south-1.amazonaws.com/ai-studio/63d8b5e0671e5d8467abaf77/data/1fd2cc8-d0cf-f76a-17c-34b71b4630bjpg.jpeg,"{""line"":[],""point"":[],""rect"":[[438,209,450,506,""pitch""]],""circle"":[],""rectWithCircle"":[]}"
train,,pitch,https://ai-studio-new.s3-ap-south-1.amazonaws.com/ai-studio/63d8b5e0671e5d8467abaf77/data/5f302bc-cdaf-545-1dd8-08462f782cjpg.jpeg,"{""line"":[],""point"":[],""rect"":[[403,266,528,449,""pitch""]],""circle"":[],""rectWithCircle"":[]}"
train,,pitch,https://ai-studio-new.s3-ap-south-1.amazonaws.com/ai-studio/63d8b5e0671e5d8467abaf77/data/88a54cc-0a21-1a86-3e3b-5e54712117bjpg.jpeg,"{""line"":[],""point"":[],""rect"":[[182,396,1008,314,""pitch""]],""circle"":[],""rectWithCircle"":[]}"
train,,pitch,https://ai-studio-new.s3-ap-south-1.amazonaws.com/ai-studio/63d8b5e0671e5d8467abaf77/data/6b5a03a-0a2-b4e-4b66-7880124e7f7jpg.jpeg,"{""line"":[],""point"":[],""rect"":[[827,265,451,455,""pitch""]],""circle"":[],""rectWithCircle"":[]}"
train,,pitch,https://ai-studio-new.s3-ap-south-1.amazonaws.com/ai-studio/63d8b5e0671e5d8467abaf77/data/d168837-ae-7ade-53eb-ab47c60fa32jpg.jpeg,"{""line"":[],""point"":[],""rect"":[[458,209,407,447,""pitch""]],""circle"":[],""rectWithCircle"":[]}"
train,,pitch,https://ai-studio-new.s3-ap-south-1.amazonaws.com/ai-studio/63d8b5e0671e5d8467abaf77/data/ca6aa5-363-cacb-e761-3c05ec10f64jpg.jpeg,"{""line"":[],""point"":[],""rect"":[[455,212,419,491,""pitch""]],""circle"":[],""rectWithCircle"":[]}"
train,,pitch,https://ai-studio-new.s3-ap-south-1.amazonaws.com/ai-studio/63d8b5e0671e5d8467abaf77/data/c6b102-355a-bc7-bdd1-14052f1d84ejpg.jpeg,"{""line"":[],""point"":[],""rect"":[[375,314,525,394,""pitch""]],""circle"":[],""rectWithCircle"":[]}"
train,,pitch,https://ai-studio-new.s3-ap-south-1.amazonaws.com/ai-studio/63d8b5e0671e5d8467abaf77/data/c57e617-0a38-6c7f-b13-d157d645fdb1jpg.jpeg,"{""line"":[],""point"":[],""rect"":[[132,441,930,266,""pitch""]],""circle"":[],""rectWithCircle"":[]}"
train,,pitch,https://ai-studio-new.s3-ap-south-1.amazonaws.com/ai-studio/63d8b5e0671e5d8467abaf77/data/f7aa-f7ac-b767-73d7-4a36413c4ecejpg.jpeg,"{""line"":[],""point"":[],""rect"":[[379,242,472,470,""pitch""]],""circle"":[],""rectWithCircle"":[]}"
train,,pitch,https://ai-studio-new.s3-ap-south-1.amazonaws.com/ai-studio/63d8b5e0671e5d8467abaf77/data/7252c2-8c77-00c-48fc-b12c1aebf7a0jpg.jpeg,"{""line"":[],""point"":[],""rect"":[[405,239,431,444,""pitch""]],""circle"":[],""rectWithCircle"":[]}"
train,,pitch,https://ai-studio-new.s3-ap-south-1.amazonaws.com/ai-studio/63d8b5e0671e5d8467abaf77/data/d6cdd24-07d4-ed31-07cc-4cf18dc5b4a8jpg.jpeg,"{""line"":[],""point"":[],""rect"":[[415,242,407,439,""pitch""]],""circle"":[],""rectWithCircle"":[]}"
train,,pitch,https://ai-studio-new.s3-ap-south-1.amazonaws.com/ai-studio/63d8b5e0671e5d8467abaf77/data/c53ef-71f-1db0-04f6-54df35203jpg.jpeg,"{""line"":[],""point"":[],""rect"":[[426,251,397,437,""pitch""]],""circle"":[],""rectWithCircle"":[]}"
test,,pitch,https://ai-studio-new.s3-ap-south-1.amazonaws.com/ai-studio/63d8b5e0671e5d8467abaf77/data/1cabd2d-e61-5e32-fcec-1fb106b1553ajpg.jpeg,"{""line"":[],""point"":[],""rect"":[[474,233,346,393,""pitch""]],""circle"":[],""rectWithCircle"":[]}"
train,,pitch,https://ai-studio-new.s3-ap-south-1.amazonaws.com/ai-studio/63d8b5e0671e5d8467abaf77/data/0cdac77-8b8-cb63-a154-1b1d47d380a1jpg.jpeg,"{""line"":[],""point"":[],""rect"":[[467,237,325,362,""pitch""]],""circle"":[],""rectWithCircle"":[]}"
train,,pitch,https://ai-studio-new.s3-ap-south-1.amazonaws.com/ai-studio/63d8b5e0671e5d8467abaf77/data/adbbcca-445-7d7b-1586-024374d27b4jpg.jpeg,"{""line"":[],""point"":[],""rect"":[[473,221,309,348,""pitch""]],""circle"":[],""rectWithCircle"":[]}"
train,,pitch,https://ai-studio-new.s3-ap-south-1.amazonaws.com/ai-studio/63d8b5e0671e5d8467abaf77/data/ea1c2f6-2aa1-77e-54e-c360a8b3b6fajpg.jpeg,"{""line"":[],""point"":[],""rect"":[[490,205,300,351,""pitch""]],""circle"":[],""rectWithCircle"":[]}"
train,,pitch,https://ai-studio-new.s3-ap-south-1.amazonaws.com/ai-studio/63d8b5e0671e5d8467abaf77/data/c1d2782-2807-6f7-5dae-bea46d022d0jpg.jpeg,"{""line"":[],""point"":[],""rect"":[[502,202,307,349,""pitch""]],""circle"":[],""rectWithCircle"":[]}"
train,,pitch,https://ai-studio-new.s3-ap-south-1.amazonaws.com/ai-studio/63d8b5e0671e5d8467abaf77/data/f2dab-c4cc-4d8d-8727-567a4b8bad61jpg.jpeg,"{""line"":[],""point"":[],""rect"":[[506,195,302,347,""pitch""]],""circle"":[],""rectWithCircle"":[]}"
train,,pitch,https://ai-studio-new.s3-ap-south-1.amazonaws.com/ai-studio/63d8b5e0671e5d8467abaf77/data/f21042f-cf81-e36a-5ba-c007b78d4f31jpg.jpeg,"{""line"":[],""point"":[],""rect"":[[448,180,388,439,""pitch""]],""circle"":[],""rectWithCircle"":[]}"
train,,pitch,https://ai-studio-new.s3-ap-south-1.amazonaws.com/ai-studio/63d8b5e0671e5d8467abaf77/data/a077df6-d1-d3f7-e1bc-4ef1ccefc54fjpg.jpeg,"{""line"":[],""point"":[],""rect"":[[439,200,415,474,""pitch""]],""circle"":[],""rectWithCircle"":[]}"
train,,pitch,https://ai-studio-new.s3-ap-south-1.amazonaws.com/ai-studio/63d8b5e0671e5d8467abaf77/data/25c0a7-426e-58a8-aebd-71b52fc2e2fjpg.jpeg,"{""line"":[],""point"":[],""rect"":[[423,207,445,512,""pitch""]],""circle"":[],""rectWithCircle"":[]}"
test,,pitch,https://ai-studio-new.s3-ap-south-1.amazonaws.com/ai-studio/63d8b5e0671e5d8467abaf77/data/4a2587b-847-f6-7431-2ac0fdc8ab8jpg.jpeg,"{""line"":[],""point"":[],""rect"":[[339,293,597,421,""pitch""]],""circle"":[],""rectWithCircle"":[]}"
train,,pitch,https://ai-studio-new.s3-ap-south-1.amazonaws.com/ai-studio/63d8b5e0671e5d8467abaf77/data/080ecb3-378f-724d-b43e-f8ae0201cjpg.jpeg,"{""line"":[],""point"":[],""rect"":[[35,454,1118,254,""pitch""]],""circle"":[],""rectWithCircle"":[]}"
train,,pitch,https://ai-studio-new.s3-ap-south-1.amazonaws.com/ai-studio/63d8b5e0671e5d8467abaf77/data/6c6b73-ea60-0811-0214-18431c10344jpg.jpeg,"{""line"":[],""point"":[],""rect"":[[376,242,494,464,""pitch""]],""circle"":[],""rectWithCircle"":[]}"
test,,pitch,https://ai-studio-new.s3-ap-south-1.amazonaws.com/ai-studio/63d8b5e0671e5d8467abaf77/data/fa04ee6-cf0-f2a8-edcb-e3c3cd3c7d51jpg.jpeg,"{""line"":[],""point"":[],""rect"":[[362,258,405,430,""pitch""]],""circle"":[],""rectWithCircle"":[]}"
train,,pitch,https://ai-studio-new.s3-ap-south-1.amazonaws.com/ai-studio/63d8b5e0671e5d8467abaf77/data/a67eeb3-2456-2d55-a38f-410de8c61afjpg.jpeg,"{""line"":[],""point"":[],""rect"":[[373,264,402,402,""pitch""]],""circle"":[],""rectWithCircle"":[]}"
train,,pitch,https://ai-studio-new.s3-ap-south-1.amazonaws.com/ai-studio/63d8b5e0671e5d8467abaf77/data/e0b63e8-2362-11db-8ec5-50f834d41e6djpg.jpeg,"{""line"":[],""point"":[],""rect"":[[414,285,333,363,""pitch""]],""circle"":[],""rectWithCircle"":[]}"
train,,pitch,https://ai-studio-new.s3-ap-south-1.amazonaws.com/ai-studio/63d8b5e0671e5d8467abaf77/data/d6105-1bad-54e4-5ab4-5e0d2fac4265jpg.jpeg,"{""line"":[],""point"":[],""rect"":[[410,270,344,373,""pitch""]],""circle"":[],""rectWithCircle"":[]}"
train,,pitch,https://ai-studio-new.s3-ap-south-1.amazonaws.com/ai-studio/63d8b5e0671e5d8467abaf77/data/4e0b8f-a53-ca5e-031-c222b361b12jpg.jpeg,"{""line"":[],""point"":[],""rect"":[[502,200,305,358,""pitch""]],""circle"":[],""rectWithCircle"":[]}"
train,,pitch,https://ai-studio-new.s3-ap-south-1.amazonaws.com/ai-studio/63d8b5e0671e5d8467abaf77/data/b70d8a5-3e54-5865-b83-4decdb520jpg.jpeg,"{""line"":[],""point"":[],""rect"":[[490,198,331,390,""pitch""]],""circle"":[],""rectWithCircle"":[]}"
train,,pitch,https://ai-studio-new.s3-ap-south-1.amazonaws.com/ai-studio/63d8b5e0671e5d8467abaf77/data/005c84-cad6-d630-17b6-c68a17048aajpg.jpeg,"{""line"":[],""point"":[],""rect"":[[474,201,359,418,""pitch""]],""circle"":[],""rectWithCircle"":[]}"
train,,pitch,https://ai-studio-new.s3-ap-south-1.amazonaws.com/ai-studio/63d8b5e0671e5d8467abaf77/data/4e4d47e-3a1c-2da4-2bd0-c01d3ff73100jpg.jpeg,"{""line"":[],""point"":[],""rect"":[[465,220,379,441,""pitch""]],""circle"":[],""rectWithCircle"":[]}"
train,,pitch,https://ai-studio-new.s3-ap-south-1.amazonaws.com/ai-studio/63d8b5e0671e5d8467abaf77/data/da4b0a2-fe7-0123-83ed-6caa04102050jpg.jpeg,"{""line"":[],""point"":[],""rect"":[[429,212,440,494,""pitch""]],""circle"":[],""rectWithCircle"":[]}"
train,,pitch,https://ai-studio-new.s3-ap-south-1.amazonaws.com/ai-studio/63d8b5e0671e5d8467abaf77/data/13e63a5-861-1744-8e71-7e501618af4jpg.jpeg,"{""line"":[],""point"":[],""rect"":[[354,278,566,435,""pitch""]],""circle"":[],""rectWithCircle"":[]}"
train,,pitch,https://ai-studio-new.s3-ap-south-1.amazonaws.com/ai-studio/63d8b5e0671e5d8467abaf77/data/f0c33d5-3f48-78e-a84a-1e8abb6c52jpg.jpeg,"{""line"":[],""point"":[],""rect"":[[163,470,948,234,""pitch""]],""circle"":[],""rectWithCircle"":[]}"
train,,pitch,https://ai-studio-new.s3-ap-south-1.amazonaws.com/ai-studio/63d8b5e0671e5d8467abaf77/data/e53145d-6fd6-5654-3c83-24aabc5c553bjpg.jpeg,"{""line"":[],""point"":[],""rect"":[[599,265,398,434,""pitch""]],""circle"":[],""rectWithCircle"":[]}"
train,,pitch,https://ai-studio-new.s3-ap-south-1.amazonaws.com/ai-studio/63d8b5e0671e5d8467abaf77/data/aafaf47-5a83-6b5c-e73-c8faecc63106jpg.jpeg,"{""line"":[],""point"":[],""rect"":[[476,199,373,442,""pitch""]],""circle"":[],""rectWithCircle"":[]}"
train,,pitch,https://ai-studio-new.s3-ap-south-1.amazonaws.com/ai-studio/63d8b5e0671e5d8467abaf77/data/5b362e-ee3f-4b8c-ce8d-a11a4e1f1fjpg.jpeg,"{""line"":[],""point"":[],""rect"":[[459,208,414,483,""pitch""]],""circle"":[],""rectWithCircle"":[]}"
train,,pitch,https://ai-studio-new.s3-ap-south-1.amazonaws.com/ai-studio/63d8b5e0671e5d8467abaf77/data/40ebf74-cd3b-2e67-4e2b-fef7763c3135jpg.jpeg,"{""line"":[],""point"":[],""rect"":[[435,234,464,471,""pitch""]],""circle"":[],""rectWithCircle"":[]}"
train,,pitch,https://ai-studio-new.s3-ap-south-1.amazonaws.com/ai-studio/63d8b5e0671e5d8467abaf77/data/cffa5-e21a-4be8-7a86-2a5fd76f8e0ejpg.jpeg,"{""line"":[],""point"":[],""rect"":[[284,354,772,355,""pitch""]],""circle"":[],""rectWithCircle"":[]}"
train,,pitch,https://ai-studio-new.s3-ap-south-1.amazonaws.com/ai-studio/63d8b5e0671e5d8467abaf77/data/c1d04e-0e8d-6eb7-e7ff-412a7de762jpg.jpeg,"{""line"":[],""point"":[],""rect"":[[28,510,1173,200,""pitch""]],""circle"":[],""rectWithCircle"":[]}"
train,,pitch,https://ai-studio-new.s3-ap-south-1.amazonaws.com/ai-studio/63d8b5e0671e5d8467abaf77/data/14e884-d764-e778-11b-cd423bf033c2jpg.jpeg,"{""line"":[],""point"":[],""rect"":[[283,313,301,326,""pitch""]],""circle"":[],""rectWithCircle"":[]}"
train,,pitch,https://ai-studio-new.s3-ap-south-1.amazonaws.com/ai-studio/63d8b5e0671e5d8467abaf77/data/55e0465-f5bb-cd60-abd0-d15ede580cf0jpg.jpeg,"{""line"":[],""point"":[],""rect"":[[511,194,312,415,""pitch""]],""circle"":[],""rectWithCircle"":[]}"
train,,pitch,https://ai-studio-new.s3-ap-south-1.amazonaws.com/ai-studio/63d8b5e0671e5d8467abaf77/data/e86e74f-41b0-a45d-f3e2-34516386bcbcjpg.jpeg,"{""line"":[],""point"":[],""rect"":[[465,199,403,518,""pitch""]],""circle"":[],""rectWithCircle"":[]}"
train,,pitch,https://ai-studio-new.s3-ap-south-1.amazonaws.com/ai-studio/63d8b5e0671e5d8467abaf77/data/d8a8c61-4dca-1d65-83d3-67ac2ae26817jpg.jpeg,"{""line"":[],""point"":[],""rect"":[[303,324,777,385,""pitch""]],""circle"":[],""rectWithCircle"":[]}"
train,,pitch,https://ai-studio-new.s3-ap-south-1.amazonaws.com/ai-studio/63d8b5e0671e5d8467abaf77/data/788a7b8-b7b-6cbe-3282-c28162cedd0ajpg.jpeg,"{""line"":[],""point"":[],""rect"":[[508,201,326,439,""pitch""]],""circle"":[],""rectWithCircle"":[]}"
train,,pitch,https://ai-studio-new.s3-ap-south-1.amazonaws.com/ai-studio/63d8b5e0671e5d8467abaf77/data/7e77b38-a38b-2eb7-c356-dedc2554ab15jpg.jpeg,"{""line"":[],""point"":[],""rect"":[[533,213,314,430,""pitch""]],""circle"":[],""rectWithCircle"":[]}"
train,,pitch,https://ai-studio-new.s3-ap-south-1.amazonaws.com/ai-studio/63d8b5e0671e5d8467abaf77/data/ec5eb2e-522-c57-b2b5-fad64bd5aabfjpg.jpeg,"{""line"":[],""point"":[],""rect"":[[530,216,324,430,""pitch""]],""circle"":[],""rectWithCircle"":[]}"
train,,pitch,https://ai-studio-new.s3-ap-south-1.amazonaws.com/ai-studio/63d8b5e0671e5d8467abaf77/data/8bb778b-1586-cea-ce76-20b4307f054jpg.jpeg,"{""line"":[],""point"":[],""rect"":[[540,221,301,432,""pitch""]],""circle"":[],""rectWithCircle"":[]}"
train,,pitch,https://ai-studio-new.s3-ap-south-1.amazonaws.com/ai-studio/63d8b5e0671e5d8467abaf77/data/c450fb-bbc4-521-54dd-e3535eef7jpg.jpeg,"{""line"":[],""point"":[],""rect"":[[542,219,307,428,""pitch""]],""circle"":[],""rectWithCircle"":[]}"
train,,pitch,https://ai-studio-new.s3-ap-south-1.amazonaws.com/ai-studio/63d8b5e0671e5d8467abaf77/data/fefe678-26f-60e4-0c5-d20ad527e65jpg.jpeg,"{""line"":[],""point"":[],""rect"":[[525,219,304,429,""pitch""]],""circle"":[],""rectWithCircle"":[]}"
train,,pitch,https://ai-studio-new.s3-ap-south-1.amazonaws.com/ai-studio/63d8b5e0671e5d8467abaf77/data/818365a-e672-6d0c-b457-18ec1b07debjpg.jpeg,"{""line"":[],""point"":[],""rect"":[[428,192,431,510,""pitch""]],""circle"":[],""rectWithCircle"":[]}"
train,,pitch,https://ai-studio-new.s3-ap-south-1.amazonaws.com/ai-studio/63d8b5e0671e5d8467abaf77/data/a75c11-676-cd35-12e3-70a2a0415be3jpg.jpeg,"{""line"":[],""point"":[],""rect"":[[359,348,587,358,""pitch""]],""circle"":[],""rectWithCircle"":[]}"
train,,pitch,https://ai-studio-new.s3-ap-south-1.amazonaws.com/ai-studio/63d8b5e0671e5d8467abaf77/data/72e40a4-5e8e-22ec-e7e4-fad0bf57c7e6jpg.jpeg,"{""line"":[],""point"":[],""rect"":[[250,484,959,228,""pitch""]],""circle"":[],""rectWithCircle"":[]}"
test,,pitch,https://ai-studio-new.s3-ap-south-1.amazonaws.com/ai-studio/63d8b5e0671e5d8467abaf77/data/a13377e-aaaa-ac4-e1d3-e3e6468b7f38jpg.jpeg,"{""line"":[],""point"":[],""rect"":[[443,283,452,437,""pitch""]],""circle"":[],""rectWithCircle"":[]}"
train,,pitch,https://ai-studio-new.s3-ap-south-1.amazonaws.com/ai-studio/63d8b5e0671e5d8467abaf77/data/1beeb7f-0178-bfbd-e854-5363600fc74ajpg.jpeg,"{""line"":[],""point"":[],""rect"":[[454,275,432,437,""pitch""]],""circle"":[],""rectWithCircle"":[]}"
train,,pitch,https://ai-studio-new.s3-ap-south-1.amazonaws.com/ai-studio/63d8b5e0671e5d8467abaf77/data/13550b-ee67-3d66-4026-0f00afb7ccb6jpg.jpeg,"{""line"":[],""point"":[],""rect"":[[462,277,414,439,""pitch""]],""circle"":[],""rectWithCircle"":[]}"
train,,pitch,https://ai-studio-new.s3-ap-south-1.amazonaws.com/ai-studio/63d8b5e0671e5d8467abaf77/data/35d0e3f-8c22-2ccc-f826-a480ee3a57djpg.jpeg,"{""line"":[],""point"":[],""rect"":[[481,172,316,442,""pitch""]],""circle"":[],""rectWithCircle"":[]}"
train,,pitch,https://ai-studio-new.s3-ap-south-1.amazonaws.com/ai-studio/63d8b5e0671e5d8467abaf77/data/bfe2b3-861d-f27d-445-42870ec10633jpg.jpeg,"{""line"":[],""point"":[],""rect"":[[828,709,-374,-534,""pitch""]],""circle"":[],""rectWithCircle"":[]}"
train,,pitch,https://ai-studio-new.s3-ap-south-1.amazonaws.com/ai-studio/63d8b5e0671e5d8467abaf77/data/4c433c-ca02-0a75-5d2-ecf03fb8bba2jpg.jpeg,"{""line"":[],""point"":[],""rect"":[[310,305,720,397,""pitch""]],""circle"":[],""rectWithCircle"":[]}"
train,,pitch,https://ai-studio-new.s3-ap-south-1.amazonaws.com/ai-studio/63d8b5e0671e5d8467abaf77/data/b585fb0-7d1d-721-4760-65eb4df23a13jpg.jpeg,"{""line"":[],""point"":[],""rect"":[[475,166,388,514,""pitch""]],""circle"":[],""rectWithCircle"":[]}"
train,,pitch,https://ai-studio-new.s3-ap-south-1.amazonaws.com/ai-studio/63d8b5e0671e5d8467abaf77/data/bcceb6-3587-c512-1ae0-cd7ea1fa653fjpg.jpeg,"{""line"":[],""point"":[],""rect"":[[450,197,447,513,""pitch""]],""circle"":[],""rectWithCircle"":[]}"
train,,pitch,https://ai-studio-new.s3-ap-south-1.amazonaws.com/ai-studio/63d8b5e0671e5d8467abaf77/data/2b85841-a3e4-a3f-da4c-530c1f3407djpg.jpeg,"{""line"":[],""point"":[],""rect"":[[330,392,668,321,""pitch""]],""circle"":[],""rectWithCircle"":[]}"
train,,pitch,https://ai-studio-new.s3-ap-south-1.amazonaws.com/ai-studio/63d8b5e0671e5d8467abaf77/data/2876313-671-04b5-4733-e4b7073d3317jpg.jpeg,"{""line"":[],""point"":[],""rect"":[[120,504,1062,204,""pitch""]],""circle"":[],""rectWithCircle"":[]}"
train,,pitch,https://ai-studio-new.s3-ap-south-1.amazonaws.com/ai-studio/63d8b5e0671e5d8467abaf77/data/87484ea-2ce4-ab8a-a31-5e828cbb7c68jpg.jpeg,"{""line"":[],""point"":[],""rect"":[[508,205,348,477,""pitch""]],""circle"":[],""rectWithCircle"":[]}"
train,,pitch,https://ai-studio-new.s3-ap-south-1.amazonaws.com/ai-studio/63d8b5e0671e5d8467abaf77/data/d7288af-d47d-45b7-5de-6f8723b8e53cjpg.jpeg,"{""line"":[],""point"":[],""rect"":[[465,220,443,499,""pitch""]],""circle"":[],""rectWithCircle"":[]}"
train,,pitch,https://ai-studio-new.s3-ap-south-1.amazonaws.com/ai-studio/63d8b5e0671e5d8467abaf77/data/5c1e8bf-e62e-7fde-e087-c6fdd4abbc67jpg.jpeg,"{""line"":[],""point"":[],""rect"":[[403,246,593,467,""pitch""]],""circle"":[],""rectWithCircle"":[]}"
train,,pitch,https://ai-studio-new.s3-ap-south-1.amazonaws.com/ai-studio/63d8b5e0671e5d8467abaf77/data/c227513-54d0-757a-3215-b4d000a64fejpg.jpeg,"{""line"":[],""point"":[],""rect"":[[319,329,810,380,""pitch""]],""circle"":[],""rectWithCircle"":[]}"
train,,pitch,https://ai-studio-new.s3-ap-south-1.amazonaws.com/ai-studio/63d8b5e0671e5d8467abaf77/data/2c3b04b-b6f7-ee7b-3c67-68c4ede72aajpg.jpeg,"{""line"":[],""point"":[],""rect"":[[583,300,395,415,""pitch""]],""circle"":[],""rectWithCircle"":[]}"
train,,pitch,https://ai-studio-new.s3-ap-south-1.amazonaws.com/ai-studio/63d8b5e0671e5d8467abaf77/data/2e54288-06d3-84d5-21e6-bc1b02a2fjpg.jpeg,"{""line"":[],""point"":[],""rect"":[[475,180,339,392,""pitch""]],""circle"":[],""rectWithCircle"":[]}"
train,,pitch,https://ai-studio-new.s3-ap-south-1.amazonaws.com/ai-studio/63d8b5e0671e5d8467abaf77/data/212bbda-4023-acbf-dbc3-de441b62afjpg.jpeg,"{""line"":[],""point"":[],""rect"":[[452,207,390,437,""pitch""]],""circle"":[],""rectWithCircle"":[]}"
train,,pitch,https://ai-studio-new.s3-ap-south-1.amazonaws.com/ai-studio/63d8b5e0671e5d8467abaf77/data/dd41fe5-b6ee-c51f-8bc6-3246c05ca778jpg.jpeg,"{""line"":[],""point"":[],""rect"":[[417,213,454,501,""pitch""]],""circle"":[],""rectWithCircle"":[]}"
train,,pitch,https://ai-studio-new.s3-ap-south-1.amazonaws.com/ai-studio/63d8b5e0671e5d8467abaf77/data/58c1fdb-477b-8df0-d461-f38cb61071a5jpg.jpeg,"{""line"":[],""point"":[],""rect"":[[210,425,771,285,""pitch""]],""circle"":[],""rectWithCircle"":[]}"
