original_input,autoflip
https://km-video-stream.s3.amazonaws.com/org_3f9ef91f-67eb-48b9-bc33-5a858ff7b721/WkiTJWSyE/Clips/Man/1734194862_923713/video/1734194862_9238005.mp4,https://d1zxk9teuo4ijt.cloudfront.net/org_faddd2f2-3111-4c09-ade5-800a2c8c6778/TCKfWMqfC/Clips/AspectRatio/6763e649d211730007d131f6/9ba93758-eecb-49ad-b6b6-87d93698559e.mp4
https://km-video-stream.s3.amazonaws.com/org_3f9ef91f-67eb-48b9-bc33-5a858ff7b721/WkiTJWSyE/Clips/Man/1734194995_700442/video/1734194995_7005134.mp4,https://d1zxk9teuo4ijt.cloudfront.net/org_faddd2f2-3111-4c09-ade5-800a2c8c6778/TCKfWMqfC/Clips/AspectRatio/6763e649d211730007d1320e/9669a5c5-82f7-4c61-83aa-0d57ff811d20.mp4
https://km-video-stream.s3.amazonaws.com/org_3f9ef91f-67eb-48b9-bc33-5a858ff7b721/WkiTJWSyE/Clips/Man/1734195093_2395835/video/1734195093_2396772.mp4,https://d1zxk9teuo4ijt.cloudfront.net/org_faddd2f2-3111-4c09-ade5-800a2c8c6778/TCKfWMqfC/Clips/AspectRatio/6763e64aba23e30007203af7/c6ed305f-0206-4dd6-acd7-727b37bf5354.mp4
https://km-video-stream.s3.amazonaws.com/org_3f9ef91f-67eb-48b9-bc33-5a858ff7b721/WkiTJWSyE/Clips/Man/1734195019_7216794/video/1734195019_721759.mp4,https://d1zxk9teuo4ijt.cloudfront.net/org_faddd2f2-3111-4c09-ade5-800a2c8c6778/TCKfWMqfC/Clips/AspectRatio/6763e64ad211730007d1322e/f0966ca8-f372-4945-917e-e6be215e4ce9.mp4
https://km-video-stream.s3.amazonaws.com/org_3f9ef91f-67eb-48b9-bc33-5a858ff7b721/WkiTJWSyE/Clips/Man/1734195151_0468748/video/1734195151_0469882.mp4,https://d1zxk9teuo4ijt.cloudfront.net/org_faddd2f2-3111-4c09-ade5-800a2c8c6778/TCKfWMqfC/Clips/AspectRatio/6763e64bba23e30007203b11/ec0e44e1-0959-44ca-bfe5-371861bfd484.mp4
https://km-video-stream.s3.amazonaws.com/org_3f9ef91f-67eb-48b9-bc33-5a858ff7b721/WkiTJWSyE/Clips/Man/1734195132_3463218/video/1734195132_346396.mp4,https://d1zxk9teuo4ijt.cloudfront.net/org_faddd2f2-3111-4c09-ade5-800a2c8c6778/TCKfWMqfC/Clips/AspectRatio/6763e64bd211730007d13250/c164d11d-b337-4345-a82d-5e6bd714a50c.mp4
https://km-video-stream.s3.amazonaws.com/org_3f9ef91f-67eb-48b9-bc33-5a858ff7b721/WkiTJWSyE/Clips/Man/1734195238_1904666/video/1734195238_1905591.mp4,https://d1zxk9teuo4ijt.cloudfront.net/org_faddd2f2-3111-4c09-ade5-800a2c8c6778/TCKfWMqfC/Clips/AspectRatio/6763e64bd211730007d13284/54a12a86-9ecf-47c4-8fdb-6f16eb235c37.mp4
https://km-video-stream.s3.amazonaws.com/org_3f9ef91f-67eb-48b9-bc33-5a858ff7b721/WkiTJWSyE/Clips/Man/1734195288_1237314/video/1734195288_1238196.mp4,https://d1zxk9teuo4ijt.cloudfront.net/org_faddd2f2-3111-4c09-ade5-800a2c8c6778/TCKfWMqfC/Clips/AspectRatio/6763e64cd211730007d132ac/099efe1f-fff3-4538-ba42-9a8e953e3136.mp4
https://km-video-stream.s3.amazonaws.com/org_3f9ef91f-67eb-48b9-bc33-5a858ff7b721/WkiTJWSyE/Clips/Man/1734195309_6140795/video/1734195309_614182.mp4,https://d1zxk9teuo4ijt.cloudfront.net/org_faddd2f2-3111-4c09-ade5-800a2c8c6778/TCKfWMqfC/Clips/AspectRatio/6763e64dd211730007d132dc/98a69d97-900a-481a-af3a-9744f86adef8.mp4
https://km-video-stream.s3.amazonaws.com/org_3f9ef91f-67eb-48b9-bc33-5a858ff7b721/WkiTJWSyE/Clips/Man/1734195356_886971/video/1734195356_8870656.mp4,https://d1zxk9teuo4ijt.cloudfront.net/org_faddd2f2-3111-4c09-ade5-800a2c8c6778/TCKfWMqfC/Clips/AspectRatio/6763e64dd211730007d132f0/c758138d-1fba-4b9d-970a-86338eb7fe9f.mp4
https://km-video-stream.s3.amazonaws.com/org_3f9ef91f-67eb-48b9-bc33-5a858ff7b721/WkiTJWSyE/Clips/Man/1734195388_1684978/video/1734195388_1685698.mp4,https://d1zxk9teuo4ijt.cloudfront.net/org_faddd2f2-3111-4c09-ade5-800a2c8c6778/TCKfWMqfC/Clips/AspectRatio/6763e64eba23e30007203b7d/b0c6072d-e66d-4988-85df-5ae50ee39293.mp4
https://km-video-stream.s3.amazonaws.com/org_3f9ef91f-67eb-48b9-bc33-5a858ff7b721/WkiTJWSyE/Clips/Man/1734195461_8223455/video/1734195461_822465.mp4,https://d1zxk9teuo4ijt.cloudfront.net/org_faddd2f2-3111-4c09-ade5-800a2c8c6778/TCKfWMqfC/Clips/AspectRatio/6763e64eba23e30007203b9d/8e1e1d13-1962-46ca-a7bf-27be867a7bd9.mp4
https://km-video-stream.s3.amazonaws.com/org_3f9ef91f-67eb-48b9-bc33-5a858ff7b721/WkiTJWSyE/Clips/Man/1734195610_4710789/video/1734195610_4711733.mp4,https://d1zxk9teuo4ijt.cloudfront.net/org_faddd2f2-3111-4c09-ade5-800a2c8c6778/TCKfWMqfC/Clips/AspectRatio/6763e64fba23e30007203bb3/4bb2038a-08b0-41da-a60b-dcd6eaa6d784.mp4
https://km-video-stream.s3.amazonaws.com/org_3f9ef91f-67eb-48b9-bc33-5a858ff7b721/WkiTJWSyE/Clips/Man/1734195690_866677/video/1734195690_8667676.mp4,https://d1zxk9teuo4ijt.cloudfront.net/org_faddd2f2-3111-4c09-ade5-800a2c8c6778/TCKfWMqfC/Clips/AspectRatio/6763e650ba23e30007203bd1/3093dcbf-d363-48e1-b0a4-aa870213dc99.mp4
https://km-video-stream.s3.amazonaws.com/org_3f9ef91f-67eb-48b9-bc33-5a858ff7b721/WkiTJWSyE/Clips/Man/1734195711_4244318/video/1734195711_4245365.mp4,https://d1zxk9teuo4ijt.cloudfront.net/org_faddd2f2-3111-4c09-ade5-800a2c8c6778/TCKfWMqfC/Clips/AspectRatio/6763e655ba23e30007203c81/fec4b4af-37ff-42b0-a091-585e8e7f08e6.mp4
https://km-video-stream.s3.amazonaws.com/org_3f9ef91f-67eb-48b9-bc33-5a858ff7b721/WkiTJWSyE/Clips/Man/1734195736_028327/video/1734195736_0284278.mp4,https://d1zxk9teuo4ijt.cloudfront.net/org_faddd2f2-3111-4c09-ade5-800a2c8c6778/TCKfWMqfC/Clips/AspectRatio/6763e656ba23e30007203c99/d0a6465d-69e2-45c5-8f2b-773176ad943a.mp4
https://km-video-stream.s3.amazonaws.com/org_3f9ef91f-67eb-48b9-bc33-5a858ff7b721/WkiTJWSyE/Clips/Man/1734195761_1209605/video/1734195761_1210573.mp4,https://d1zxk9teuo4ijt.cloudfront.net/org_faddd2f2-3111-4c09-ade5-800a2c8c6778/TCKfWMqfC/Clips/AspectRatio/6763e656ba23e30007203cba/b1efa0dc-f735-4196-b740-d090779971b2.mp4
https://km-video-stream.s3.amazonaws.com/org_3f9ef91f-67eb-48b9-bc33-5a858ff7b721/WkiTJWSyE/Clips/Man/1734195788_580422/video/1734195788_5805092.mp4,https://d1zxk9teuo4ijt.cloudfront.net/org_faddd2f2-3111-4c09-ade5-800a2c8c6778/TCKfWMqfC/Clips/AspectRatio/6763e657d211730007d133d3/385fadc8-537d-4f88-b3ac-9b1cc5527136.mp4
https://km-video-stream.s3.amazonaws.com/org_3f9ef91f-67eb-48b9-bc33-5a858ff7b721/WkiTJWSyE/Clips/Man/1734195910_6549916/video/1734195910_655066.mp4,https://d1zxk9teuo4ijt.cloudfront.net/org_faddd2f2-3111-4c09-ade5-800a2c8c6778/TCKfWMqfC/Clips/AspectRatio/6763e657d211730007d133e9/3c770fec-bf3a-43e4-baf0-2715b6ede940.mp4
https://km-video-stream.s3.amazonaws.com/org_3f9ef91f-67eb-48b9-bc33-5a858ff7b721/WkiTJWSyE/Clips/Man/1734195964_3459728/video/1734195964_346064.mp4,https://d1zxk9teuo4ijt.cloudfront.net/org_faddd2f2-3111-4c09-ade5-800a2c8c6778/TCKfWMqfC/Clips/AspectRatio/6763e658d211730007d133fe/90054ef2-c773-4351-9c5d-5f75b97c90c4.mp4
https://km-video-stream.s3.amazonaws.com/org_3f9ef91f-67eb-48b9-bc33-5a858ff7b721/WkiTJWSyE/Clips/Man/1734195998_6973038/video/1734195998_697394.mp4,https://d1zxk9teuo4ijt.cloudfront.net/org_faddd2f2-3111-4c09-ade5-800a2c8c6778/TCKfWMqfC/Clips/AspectRatio/6763e658d211730007d13419/84126fc2-b351-41cf-a711-1cd75022044c.mp4
https://km-video-stream.s3.amazonaws.com/org_3f9ef91f-67eb-48b9-bc33-5a858ff7b721/WkiTJWSyE/Clips/Man/1734196030_762776/video/1734196030_7628639.mp4,https://d1zxk9teuo4ijt.cloudfront.net/org_faddd2f2-3111-4c09-ade5-800a2c8c6778/TCKfWMqfC/Clips/AspectRatio/6763e659d211730007d1342e/17f21c2c-343c-44af-b820-2356d7bcb3f0.mp4
https://km-video-stream.s3.amazonaws.com/org_3f9ef91f-67eb-48b9-bc33-5a858ff7b721/WkiTJWSyE/Clips/Man/1734196074_1959574/video/1734196074_1961875.mp4,https://d1zxk9teuo4ijt.cloudfront.net/org_faddd2f2-3111-4c09-ade5-800a2c8c6778/TCKfWMqfC/Clips/AspectRatio/6763e659d211730007d13440/23d75ab1-b179-4595-a41a-c0b82527470e.mp4
https://km-video-stream.s3.amazonaws.com/org_3f9ef91f-67eb-48b9-bc33-5a858ff7b721/WkiTJWSyE/Clips/Man/1734196121_2525017/video/1734196121_2525952.mp4,https://d1zxk9teuo4ijt.cloudfront.net/org_faddd2f2-3111-4c09-ade5-800a2c8c6778/TCKfWMqfC/Clips/AspectRatio/6763e65ad211730007d1346f/3d04bd58-49b7-4c2d-8bdd-8674af5343b4.mp4
https://km-video-stream.s3.amazonaws.com/org_3f9ef91f-67eb-48b9-bc33-5a858ff7b721/WkiTJWSyE/Clips/Man/1734196175_917183/video/1734196175_9173002.mp4,https://d1zxk9teuo4ijt.cloudfront.net/org_faddd2f2-3111-4c09-ade5-800a2c8c6778/TCKfWMqfC/Clips/AspectRatio/6763e65bba23e30007203d40/c217dab0-f4f0-4b6f-a003-8865592567b1.mp4
https://km-video-stream.s3.amazonaws.com/org_3f9ef91f-67eb-48b9-bc33-5a858ff7b721/WkiTJWSyE/Clips/Man/1734196236_2024412/video/1734196236_2025337.mp4,https://d1zxk9teuo4ijt.cloudfront.net/org_faddd2f2-3111-4c09-ade5-800a2c8c6778/TCKfWMqfC/Clips/AspectRatio/6763e65bd211730007d13498/ed759da4-fe37-4399-adad-33b688f3ed1e.mp4
https://km-video-stream.s3.amazonaws.com/org_3f9ef91f-67eb-48b9-bc33-5a858ff7b721/WkiTJWSyE/Clips/Man/1734196397_921006/video/1734196397_9210913.mp4,https://d1zxk9teuo4ijt.cloudfront.net/org_faddd2f2-3111-4c09-ade5-800a2c8c6778/TCKfWMqfC/Clips/AspectRatio/6763e65cba23e30007203d7d/a952cb6d-3570-4210-879a-905cdd66b6c5.mp4
https://km-video-stream.s3.amazonaws.com/org_3f9ef91f-67eb-48b9-bc33-5a858ff7b721/WkiTJWSyE/Clips/Man/1734196511_030353/video/1734196511_030447.mp4,https://d1zxk9teuo4ijt.cloudfront.net/org_faddd2f2-3111-4c09-ade5-800a2c8c6778/TCKfWMqfC/Clips/AspectRatio/6763e65cd211730007d134d1/269c88d9-b7f1-4d73-adf5-feed3430b4f5.mp4
https://km-video-stream.s3.amazonaws.com/org_3f9ef91f-67eb-48b9-bc33-5a858ff7b721/WkiTJWSyE/Clips/Man/1734196535_5026066/video/1734196535_5026932.mp4,https://d1zxk9teuo4ijt.cloudfront.net/org_faddd2f2-3111-4c09-ade5-800a2c8c6778/TCKfWMqfC/Clips/AspectRatio/6763e65dd211730007d134f3/9db8098c-e042-4a8f-b3d5-eb2428b0eaff.mp4
https://km-video-stream.s3.amazonaws.com/org_3f9ef91f-67eb-48b9-bc33-5a858ff7b721/WkiTJWSyE/Clips/Man/1734196590_6458123/video/1734196590_64591.mp4,https://d1zxk9teuo4ijt.cloudfront.net/org_faddd2f2-3111-4c09-ade5-800a2c8c6778/TCKfWMqfC/Clips/AspectRatio/6763e65eba23e30007203dc4/26f055fb-c170-457d-bcaa-a6188fa24129.mp4
https://km-video-stream.s3.amazonaws.com/org_3f9ef91f-67eb-48b9-bc33-5a858ff7b721/WkiTJWSyE/Clips/Man/1734196681_638446/video/1734196681_638516.mp4,https://d1zxk9teuo4ijt.cloudfront.net/org_faddd2f2-3111-4c09-ade5-800a2c8c6778/TCKfWMqfC/Clips/AspectRatio/6763e65eba23e30007203dd8/a945ac70-de6d-466b-9a17-46454a7b37a4.mp4
https://km-video-stream.s3.amazonaws.com/org_3f9ef91f-67eb-48b9-bc33-5a858ff7b721/WkiTJWSyE/Clips/Man/1734196710_6952026/video/1734196710_6953127.mp4,https://d1zxk9teuo4ijt.cloudfront.net/org_faddd2f2-3111-4c09-ade5-800a2c8c6778/TCKfWMqfC/Clips/AspectRatio/6763e65fd211730007d1353a/70e736b9-3b66-442a-abbe-250f12ed6816.mp4
https://km-video-stream.s3.amazonaws.com/org_3f9ef91f-67eb-48b9-bc33-5a858ff7b721/WkiTJWSyE/Clips/Man/1734196787_2661622/video/1734196787_2662656.mp4,https://d1zxk9teuo4ijt.cloudfront.net/org_faddd2f2-3111-4c09-ade5-800a2c8c6778/TCKfWMqfC/Clips/AspectRatio/6763e660d211730007d13558/a14ecdcc-1a41-4bed-8b96-6d9871927d83.mp4
https://km-video-stream.s3.amazonaws.com/org_3f9ef91f-67eb-48b9-bc33-5a858ff7b721/WkiTJWSyE/Clips/Man/1734196834_4449234/video/1734196834_4450161.mp4,https://d1zxk9teuo4ijt.cloudfront.net/org_faddd2f2-3111-4c09-ade5-800a2c8c6778/TCKfWMqfC/Clips/AspectRatio/6763e660d211730007d1356a/b5d6c601-d56e-4816-9717-ab540b2d8d45.mp4
https://km-video-stream.s3.amazonaws.com/org_3f9ef91f-67eb-48b9-bc33-5a858ff7b721/WkiTJWSyE/Clips/Man/1734196881_8101108/video/1734196881_8102174.mp4,https://d1zxk9teuo4ijt.cloudfront.net/org_faddd2f2-3111-4c09-ade5-800a2c8c6778/TCKfWMqfC/Clips/AspectRatio/6763e661ba23e30007203e05/57d39d03-b7f0-4b16-b2ba-d882ecd80212.mp4
https://km-video-stream.s3.amazonaws.com/org_3f9ef91f-67eb-48b9-bc33-5a858ff7b721/WkiTJWSyE/Clips/Man/1734196937_6160436/video/1734196937_6161463.mp4,https://d1zxk9teuo4ijt.cloudfront.net/org_faddd2f2-3111-4c09-ade5-800a2c8c6778/TCKfWMqfC/Clips/AspectRatio/6763e661d211730007d13587/1503b898-b776-4566-81b5-6cb16c01153f.mp4
https://km-video-stream.s3.amazonaws.com/org_3f9ef91f-67eb-48b9-bc33-5a858ff7b721/WkiTJWSyE/Clips/Man/1734196980_1337547/video/1734196980_1338427.mp4,https://d1zxk9teuo4ijt.cloudfront.net/org_faddd2f2-3111-4c09-ade5-800a2c8c6778/TCKfWMqfC/Clips/AspectRatio/6763e662d211730007d13597/7ae83e23-affe-4385-986a-2249ac1ed770.mp4
https://km-video-stream.s3.amazonaws.com/org_3f9ef91f-67eb-48b9-bc33-5a858ff7b721/WkiTJWSyE/Clips/Man/1734197060_3341298/video/1734197060_3342247.mp4,https://d1zxk9teuo4ijt.cloudfront.net/org_faddd2f2-3111-4c09-ade5-800a2c8c6778/TCKfWMqfC/Clips/AspectRatio/6763e662d211730007d135b5/ded31813-29be-4f2a-a6eb-28f02a597392.mp4
https://km-video-stream.s3.amazonaws.com/org_3f9ef91f-67eb-48b9-bc33-5a858ff7b721/WkiTJWSyE/Clips/Man/1734197444_6607852/video/1734197444_6608868.mp4,https://d1zxk9teuo4ijt.cloudfront.net/org_faddd2f2-3111-4c09-ade5-800a2c8c6778/TCKfWMqfC/Clips/AspectRatio/6763e664ba23e30007203e57/6a8365df-e5a5-4b6f-9f43-75b33e041130.mp4
https://km-video-stream.s3.amazonaws.com/org_3f9ef91f-67eb-48b9-bc33-5a858ff7b721/WkiTJWSyE/Clips/Man/1734197490_9873712/video/1734197490_987489.mp4,https://d1zxk9teuo4ijt.cloudfront.net/org_faddd2f2-3111-4c09-ade5-800a2c8c6778/TCKfWMqfC/Clips/AspectRatio/6763e664ba23e30007203e73/0e5972cd-b813-46eb-8b25-e6903ff69548.mp4
https://km-video-stream.s3.amazonaws.com/org_3f9ef91f-67eb-48b9-bc33-5a858ff7b721/WkiTJWSyE/Clips/Man/1734197659_8508697/video/1734197659_850951.mp4,https://d1zxk9teuo4ijt.cloudfront.net/org_faddd2f2-3111-4c09-ade5-800a2c8c6778/TCKfWMqfC/Clips/AspectRatio/6763e665ba23e30007203e8a/657bb462-6a21-44f5-b270-1f53658abe9a.mp4
https://km-video-stream.s3.amazonaws.com/org_3f9ef91f-67eb-48b9-bc33-5a858ff7b721/WkiTJWSyE/Clips/Man/1734197784_9428444/video/1734197784_9429548.mp4,https://d1zxk9teuo4ijt.cloudfront.net/org_faddd2f2-3111-4c09-ade5-800a2c8c6778/TCKfWMqfC/Clips/AspectRatio/6763e666ba23e30007203eae/0c40fafc-da2a-4324-bef6-18a8a826297e.mp4
https://km-video-stream.s3.amazonaws.com/org_3f9ef91f-67eb-48b9-bc33-5a858ff7b721/WkiTJWSyE/Clips/Man/1734197842_9871852/video/1734197842_9872737.mp4,https://d1zxk9teuo4ijt.cloudfront.net/org_faddd2f2-3111-4c09-ade5-800a2c8c6778/TCKfWMqfC/Clips/AspectRatio/6763e667ba23e30007203f04/cbcd50c3-5610-4535-8b72-cfaefd016014.mp4
https://km-video-stream.s3.amazonaws.com/org_3f9ef91f-67eb-48b9-bc33-5a858ff7b721/WkiTJWSyE/Clips/Man/1734198153_3919437/video/1734198153_3920302.mp4,https://d1zxk9teuo4ijt.cloudfront.net/org_faddd2f2-3111-4c09-ade5-800a2c8c6778/TCKfWMqfC/Clips/AspectRatio/6763e668ba23e30007203f22/7ba078b6-8ec1-4db3-b611-6dc9c0e20993.mp4
https://km-video-stream.s3.amazonaws.com/org_3f9ef91f-67eb-48b9-bc33-5a858ff7b721/WkiTJWSyE/Clips/Man/1734198017_0409284/video/1734198017_0410314.mp4,https://d1zxk9teuo4ijt.cloudfront.net/org_faddd2f2-3111-4c09-ade5-800a2c8c6778/TCKfWMqfC/Clips/AspectRatio/6763e668d211730007d13671/78ec7635-e46e-4c4f-92a1-3f913ed8e790.mp4
https://km-video-stream.s3.amazonaws.com/org_3f9ef91f-67eb-48b9-bc33-5a858ff7b721/WkiTJWSyE/Clips/Man/1734198306_8835933/video/1734198306_8836806.mp4,https://d1zxk9teuo4ijt.cloudfront.net/org_faddd2f2-3111-4c09-ade5-800a2c8c6778/TCKfWMqfC/Clips/AspectRatio/6763e669ba23e30007203f32/89dcbb3c-01f8-456c-9a2e-01b18d5100a8.mp4
https://km-video-stream.s3.amazonaws.com/org_3f9ef91f-67eb-48b9-bc33-5a858ff7b721/WkiTJWSyE/Clips/Man/1734198363_1619315/video/1734198363_162024.mp4,https://d1zxk9teuo4ijt.cloudfront.net/org_faddd2f2-3111-4c09-ade5-800a2c8c6778/TCKfWMqfC/Clips/AspectRatio/6763e669ba23e30007203f45/e26b51d6-47ed-4cb0-81c4-21e368c313de.mp4
https://km-video-stream.s3.amazonaws.com/org_3f9ef91f-67eb-48b9-bc33-5a858ff7b721/WkiTJWSyE/Clips/Man/1734198501_3063858/video/1734198501_30649.mp4,https://d1zxk9teuo4ijt.cloudfront.net/org_faddd2f2-3111-4c09-ade5-800a2c8c6778/TCKfWMqfC/Clips/AspectRatio/6763e669ba23e30007203f5c/e57feb9f-40bf-4026-8608-640208864ee7.mp4
https://km-video-stream.s3.amazonaws.com/org_3f9ef91f-67eb-48b9-bc33-5a858ff7b721/WkiTJWSyE/Clips/Man/1734198834_7988546/video/1734198834_7989786.mp4,https://d1zxk9teuo4ijt.cloudfront.net/org_faddd2f2-3111-4c09-ade5-800a2c8c6778/TCKfWMqfC/Clips/AspectRatio/6763e66ad211730007d136b2/b77d7942-c91f-48e2-a4af-6738f8522a46.mp4
https://km-video-stream.s3.amazonaws.com/org_3f9ef91f-67eb-48b9-bc33-5a858ff7b721/WkiTJWSyE/Clips/Man/1734199145_9077399/video/1734199145_9078548.mp4,https://d1zxk9teuo4ijt.cloudfront.net/org_faddd2f2-3111-4c09-ade5-800a2c8c6778/TCKfWMqfC/Clips/AspectRatio/6763e66bba23e30007203f75/35983eb1-aaca-4778-b602-8c78bfd21eaf.mp4
https://km-video-stream.s3.amazonaws.com/org_3f9ef91f-67eb-48b9-bc33-5a858ff7b721/WkiTJWSyE/Clips/Man/1734199203_4262233/video/1734199203_4263225.mp4,https://d1zxk9teuo4ijt.cloudfront.net/org_faddd2f2-3111-4c09-ade5-800a2c8c6778/TCKfWMqfC/Clips/AspectRatio/6763e66cba23e30007203f9d/09fe2217-8ce5-4a43-93df-e2acb25344f5.mp4
https://km-video-stream.s3.amazonaws.com/org_3f9ef91f-67eb-48b9-bc33-5a858ff7b721/WkiTJWSyE/Clips/Man/1734199171_8259032/video/1734199171_826025.mp4,https://d1zxk9teuo4ijt.cloudfront.net/org_faddd2f2-3111-4c09-ade5-800a2c8c6778/TCKfWMqfC/Clips/AspectRatio/6763e66cd211730007d136df/21410c61-692d-4b5c-bf0c-2e95ae168c74.mp4
https://km-video-stream.s3.amazonaws.com/org_3f9ef91f-67eb-48b9-bc33-5a858ff7b721/WkiTJWSyE/Clips/Man/1734199276_1199/video/1734199276_1199934.mp4,https://d1zxk9teuo4ijt.cloudfront.net/org_faddd2f2-3111-4c09-ade5-800a2c8c6778/TCKfWMqfC/Clips/AspectRatio/6763e66dba23e30007203fb1/50bf8c52-510d-4530-a817-8a2d9845b0a0.mp4
https://km-video-stream.s3.amazonaws.com/org_3f9ef91f-67eb-48b9-bc33-5a858ff7b721/WkiTJWSyE/Clips/Man/1734199322_2692065/video/1734199322_2693036.mp4,https://d1zxk9teuo4ijt.cloudfront.net/org_faddd2f2-3111-4c09-ade5-800a2c8c6778/TCKfWMqfC/Clips/AspectRatio/6763e66dd211730007d136ff/9ea128d2-8123-4ec8-8837-6f5fb136a357.mp4
https://km-video-stream.s3.amazonaws.com/org_3f9ef91f-67eb-48b9-bc33-5a858ff7b721/WkiTJWSyE/Clips/Man/1734199352_1662304/video/1734199352_1663966.mp4,https://d1zxk9teuo4ijt.cloudfront.net/org_faddd2f2-3111-4c09-ade5-800a2c8c6778/TCKfWMqfC/Clips/AspectRatio/6763e66eba23e30007203fe1/929f76c2-ec5c-4712-b7df-eeb35cedd316.mp4
https://km-video-stream.s3.amazonaws.com/org_3f9ef91f-67eb-48b9-bc33-5a858ff7b721/WkiTJWSyE/Clips/Man/1734199380_025939/video/1734199380_0260272.mp4,https://d1zxk9teuo4ijt.cloudfront.net/org_faddd2f2-3111-4c09-ade5-800a2c8c6778/TCKfWMqfC/Clips/AspectRatio/6763e66fba23e30007203ffa/4ad60006-d610-4e22-bb57-27f66a23d8e8.mp4
https://km-video-stream.s3.amazonaws.com/org_3f9ef91f-67eb-48b9-bc33-5a858ff7b721/WkiTJWSyE/Clips/Man/1734199457_2965527/video/1734199457_2966583.mp4,https://d1zxk9teuo4ijt.cloudfront.net/org_faddd2f2-3111-4c09-ade5-800a2c8c6778/TCKfWMqfC/Clips/AspectRatio/6763e670ba23e3000720402b/a1c1b1f6-b8b6-4739-9b9e-426825f19488.mp4
https://km-video-stream.s3.amazonaws.com/org_3f9ef91f-67eb-48b9-bc33-5a858ff7b721/WkiTJWSyE/Clips/Man/1734199553_7048311/video/1734199553_7049232.mp4,https://d1zxk9teuo4ijt.cloudfront.net/org_faddd2f2-3111-4c09-ade5-800a2c8c6778/TCKfWMqfC/Clips/AspectRatio/6763e670ba23e30007204051/3475c32e-350e-4ded-97a5-89acf495d705.mp4
https://km-video-stream.s3.amazonaws.com/org_3f9ef91f-67eb-48b9-bc33-5a858ff7b721/WkiTJWSyE/Clips/Man/1734199635_2871218/video/1734199635_2872493.mp4,https://d1zxk9teuo4ijt.cloudfront.net/org_faddd2f2-3111-4c09-ade5-800a2c8c6778/TCKfWMqfC/Clips/AspectRatio/6763e671d211730007d1378f/54246c23-e44f-4a8d-afa4-a26a9fa14a7f.mp4
https://km-video-stream.s3.amazonaws.com/org_3f9ef91f-67eb-48b9-bc33-5a858ff7b721/WkiTJWSyE/Clips/Man/1734199741_102658/video/1734199741_102791.mp4,https://d1zxk9teuo4ijt.cloudfront.net/org_faddd2f2-3111-4c09-ade5-800a2c8c6778/TCKfWMqfC/Clips/AspectRatio/6763e672ba23e300072040af/ec17da52-a75b-4d0d-b319-350676a1c3d4.mp4
https://km-video-stream.s3.amazonaws.com/org_3f9ef91f-67eb-48b9-bc33-5a858ff7b721/WkiTJWSyE/Clips/Man/1734199766_1895192/video/1734199766_1896105.mp4,https://d1zxk9teuo4ijt.cloudfront.net/org_faddd2f2-3111-4c09-ade5-800a2c8c6778/TCKfWMqfC/Clips/AspectRatio/6763e673d211730007d137c8/d7464907-7362-4af7-a176-c0e55ce0514f.mp4
https://km-video-stream.s3.amazonaws.com/org_3f9ef91f-67eb-48b9-bc33-5a858ff7b721/WkiTJWSyE/Clips/Man/1734199813_6715481/video/1734199813_6716425.mp4,https://d1zxk9teuo4ijt.cloudfront.net/org_faddd2f2-3111-4c09-ade5-800a2c8c6778/TCKfWMqfC/Clips/AspectRatio/6763e674ba23e300072040f7/75685fe9-5577-4b50-9770-f6cf0a7070ea.mp4
https://km-video-stream.s3.amazonaws.com/org_3f9ef91f-67eb-48b9-bc33-5a858ff7b721/WkiTJWSyE/Clips/Man/1734199874_427633/video/1734199874_427719.mp4,https://d1zxk9teuo4ijt.cloudfront.net/org_faddd2f2-3111-4c09-ade5-800a2c8c6778/TCKfWMqfC/Clips/AspectRatio/6763e675d211730007d13855/1ed556ad-fd18-4577-a614-739f33a39ecf.mp4
https://km-video-stream.s3.amazonaws.com/org_3f9ef91f-67eb-48b9-bc33-5a858ff7b721/WkiTJWSyE/Clips/Man/1734199907_3941042/video/1734199907_394201.mp4,https://d1zxk9teuo4ijt.cloudfront.net/org_faddd2f2-3111-4c09-ade5-800a2c8c6778/TCKfWMqfC/Clips/AspectRatio/6763e678ba23e30007204163/2a2c5712-6f82-46ff-8546-11b6cf61ff26.mp4
https://km-video-stream.s3.amazonaws.com/org_3f9ef91f-67eb-48b9-bc33-5a858ff7b721/WkiTJWSyE/Clips/Man/1734199958_1759171/video/1734199958_1760108.mp4,https://d1zxk9teuo4ijt.cloudfront.net/org_faddd2f2-3111-4c09-ade5-800a2c8c6778/TCKfWMqfC/Clips/AspectRatio/6763e67bd211730007d1392d/90912088-b496-4007-8b63-d90a55a2b700.mp4
https://km-video-stream.s3.amazonaws.com/org_3f9ef91f-67eb-48b9-bc33-5a858ff7b721/WkiTJWSyE/Clips/Man/1734199995_5227582/video/1734199995_5228662.mp4,https://d1zxk9teuo4ijt.cloudfront.net/org_faddd2f2-3111-4c09-ade5-800a2c8c6778/TCKfWMqfC/Clips/AspectRatio/6763e67dd211730007d13958/13a08823-aa4c-46c4-a74d-38cf058cd5bf.mp4
https://km-video-stream.s3.amazonaws.com/org_3f9ef91f-67eb-48b9-bc33-5a858ff7b721/WkiTJWSyE/Clips/Man/1734200018_9961305/video/1734200018_9962234.mp4,https://d1zxk9teuo4ijt.cloudfront.net/org_faddd2f2-3111-4c09-ade5-800a2c8c6778/TCKfWMqfC/Clips/AspectRatio/6763e67ed211730007d13991/6b6d9128-e8a0-4aea-b0c7-1edfc8eea47b.mp4
https://km-video-stream.s3.amazonaws.com/org_3f9ef91f-67eb-48b9-bc33-5a858ff7b721/WkiTJWSyE/Clips/Man/1734200051_5283694/video/1734200051_528467.mp4,https://d1zxk9teuo4ijt.cloudfront.net/org_faddd2f2-3111-4c09-ade5-800a2c8c6778/TCKfWMqfC/Clips/AspectRatio/6763e67fba23e3000720427d/7e065478-fa3d-4c77-a06d-857f7a513549.mp4
https://km-video-stream.s3.amazonaws.com/org_3f9ef91f-67eb-48b9-bc33-5a858ff7b721/WkiTJWSyE/Clips/Man/1734200172_047959/video/1734200172_0480967.mp4,https://d1zxk9teuo4ijt.cloudfront.net/org_faddd2f2-3111-4c09-ade5-800a2c8c6778/TCKfWMqfC/Clips/AspectRatio/6763e680ba23e30007204296/fe7b3804-4a5e-4075-9c37-3fffccec43a0.mp4
https://km-video-stream.s3.amazonaws.com/org_3f9ef91f-67eb-48b9-bc33-5a858ff7b721/WkiTJWSyE/Clips/Man/1734200228_1903899/video/1734200228_1905422.mp4,https://d1zxk9teuo4ijt.cloudfront.net/org_faddd2f2-3111-4c09-ade5-800a2c8c6778/TCKfWMqfC/Clips/AspectRatio/6763e680d211730007d139f7/465f71d6-8957-4484-aa5a-a33b206b9ba8.mp4
https://km-video-stream.s3.amazonaws.com/org_3f9ef91f-67eb-48b9-bc33-5a858ff7b721/WkiTJWSyE/Clips/Man/1734200262_5241733/video/1734200262_52426.mp4,https://d1zxk9teuo4ijt.cloudfront.net/org_faddd2f2-3111-4c09-ade5-800a2c8c6778/TCKfWMqfC/Clips/AspectRatio/6763e681d211730007d13a0f/fd6de33e-a1ee-45d3-8159-012d2f30e6de.mp4
https://km-video-stream.s3.amazonaws.com/org_3f9ef91f-67eb-48b9-bc33-5a858ff7b721/WkiTJWSyE/Clips/Man/1734200301_30806/video/1734200301_3081555.mp4,https://d1zxk9teuo4ijt.cloudfront.net/org_faddd2f2-3111-4c09-ade5-800a2c8c6778/TCKfWMqfC/Clips/AspectRatio/6763e682ba23e300072042d0/d379d8e4-888e-4fda-b281-b754208772b1.mp4
https://km-video-stream.s3.amazonaws.com/org_3f9ef91f-67eb-48b9-bc33-5a858ff7b721/WkiTJWSyE/Clips/Man/1734200356_7724597/video/1734200356_772558.mp4,https://d1zxk9teuo4ijt.cloudfront.net/org_faddd2f2-3111-4c09-ade5-800a2c8c6778/TCKfWMqfC/Clips/AspectRatio/6763e683ba23e300072042f2/d2ec617c-b8a9-4837-8348-4cd6695327bf.mp4
https://km-video-stream.s3.amazonaws.com/org_3f9ef91f-67eb-48b9-bc33-5a858ff7b721/WkiTJWSyE/Clips/Man/1734200462_0265727/video/1734200462_0266585.mp4,https://d1zxk9teuo4ijt.cloudfront.net/org_faddd2f2-3111-4c09-ade5-800a2c8c6778/TCKfWMqfC/Clips/AspectRatio/6763e684ba23e3000720435f/9ad0fce4-51a9-447c-a376-d9dc32a460db.mp4
https://km-video-stream.s3.amazonaws.com/org_3f9ef91f-67eb-48b9-bc33-5a858ff7b721/WkiTJWSyE/Clips/Man/1734200422_1221092/video/1734200422_1222146.mp4,https://d1zxk9teuo4ijt.cloudfront.net/org_faddd2f2-3111-4c09-ade5-800a2c8c6778/TCKfWMqfC/Clips/AspectRatio/6763e684d211730007d13a5c/69f3d1b8-0be4-4425-b994-e6b8c3def1b5.mp4
https://km-video-stream.s3.amazonaws.com/org_3f9ef91f-67eb-48b9-bc33-5a858ff7b721/WkiTJWSyE/Clips/Man/1734200494_1017601/video/1734200494_101853.mp4,https://d1zxk9teuo4ijt.cloudfront.net/org_faddd2f2-3111-4c09-ade5-800a2c8c6778/TCKfWMqfC/Clips/AspectRatio/6763e685ba23e3000720437a/8968f90c-ad4b-4177-b90b-f3608f564b9d.mp4
https://km-video-stream.s3.amazonaws.com/org_3f9ef91f-67eb-48b9-bc33-5a858ff7b721/WkiTJWSyE/Clips/Man/1734200590_453842/video/1734200590_453931.mp4,https://d1zxk9teuo4ijt.cloudfront.net/org_faddd2f2-3111-4c09-ade5-800a2c8c6778/TCKfWMqfC/Clips/AspectRatio/6763e686ba23e300072043bd/796eaaa4-5fe2-4e48-ad38-84ba74914900.mp4
https://km-video-stream.s3.amazonaws.com/org_3f9ef91f-67eb-48b9-bc33-5a858ff7b721/WkiTJWSyE/Clips/Man/1734200531_7457619/video/1734200531_7458525.mp4,https://d1zxk9teuo4ijt.cloudfront.net/org_faddd2f2-3111-4c09-ade5-800a2c8c6778/TCKfWMqfC/Clips/AspectRatio/6763e686d211730007d13aae/5eb6de5d-5fb1-4912-a7de-0bb49204a44f.mp4
https://km-video-stream.s3.amazonaws.com/org_3f9ef91f-67eb-48b9-bc33-5a858ff7b721/WkiTJWSyE/Clips/Man/1734200627_582054/video/1734200627_5821266.mp4,https://d1zxk9teuo4ijt.cloudfront.net/org_faddd2f2-3111-4c09-ade5-800a2c8c6778/TCKfWMqfC/Clips/AspectRatio/6763e687ba23e300072043e6/734315ad-6f0c-4eee-956a-b46c3633311a.mp4
https://km-video-stream.s3.amazonaws.com/org_3f9ef91f-67eb-48b9-bc33-5a858ff7b721/nb9mNN6Wm/Clips/Man/1734198991_0188882/video/1734198991_0189612.mp4,https://d1zxk9teuo4ijt.cloudfront.net/org_faddd2f2-3111-4c09-ade5-800a2c8c6778/TCKfWMqfC/Clips/AspectRatio/6763e688d211730007d13aff/90a9e095-3358-4fd1-8649-58a2512fda53.mp4
https://km-video-stream.s3.amazonaws.com/org_3f9ef91f-67eb-48b9-bc33-5a858ff7b721/nb9mNN6Wm/Clips/Man/1734199041_6060026/video/1734199041_6060908.mp4,https://d1zxk9teuo4ijt.cloudfront.net/org_faddd2f2-3111-4c09-ade5-800a2c8c6778/TCKfWMqfC/Clips/AspectRatio/6763e689ba23e30007204411/f45048a7-952b-4ccf-b294-deb99aefc33a.mp4
https://km-video-stream.s3.amazonaws.com/org_3f9ef91f-67eb-48b9-bc33-5a858ff7b721/nb9mNN6Wm/Clips/Man/1734199107_591966/video/1734199107_5920613.mp4,https://d1zxk9teuo4ijt.cloudfront.net/org_faddd2f2-3111-4c09-ade5-800a2c8c6778/TCKfWMqfC/Clips/AspectRatio/6763e68aba23e30007204435/9faf03a2-cbbb-4749-97a0-f80e2b5949d2.mp4
https://km-video-stream.s3.amazonaws.com/org_3f9ef91f-67eb-48b9-bc33-5a858ff7b721/nb9mNN6Wm/Clips/Man/1734199253_0448897/video/1734199253_0449774.mp4,https://d1zxk9teuo4ijt.cloudfront.net/org_faddd2f2-3111-4c09-ade5-800a2c8c6778/TCKfWMqfC/Clips/AspectRatio/6763e68bd211730007d13b4a/5ce41428-d4d5-44b5-ac30-38aa4e75a385.mp4
https://km-video-stream.s3.amazonaws.com/org_3f9ef91f-67eb-48b9-bc33-5a858ff7b721/nb9mNN6Wm/Clips/Man/1734199290_6005573/video/1734199290_60066.mp4,https://d1zxk9teuo4ijt.cloudfront.net/org_faddd2f2-3111-4c09-ade5-800a2c8c6778/TCKfWMqfC/Clips/AspectRatio/6763e68cd211730007d13b71/75bdb517-46a8-4dc9-bc44-4ae13ea110b5.mp4
https://km-video-stream.s3.amazonaws.com/org_3f9ef91f-67eb-48b9-bc33-5a858ff7b721/nb9mNN6Wm/Clips/Man/1734199379_810382/video/1734199379_8104768.mp4,https://d1zxk9teuo4ijt.cloudfront.net/org_faddd2f2-3111-4c09-ade5-800a2c8c6778/TCKfWMqfC/Clips/AspectRatio/6763e68cd211730007d13b86/76d92300-685c-43ae-b6c5-91035d3941f3.mp4
https://km-video-stream.s3.amazonaws.com/org_3f9ef91f-67eb-48b9-bc33-5a858ff7b721/nb9mNN6Wm/Clips/Man/1734199639_1837673/video/1734199639_183852.mp4,https://d1zxk9teuo4ijt.cloudfront.net/org_faddd2f2-3111-4c09-ade5-800a2c8c6778/TCKfWMqfC/Clips/AspectRatio/6763e68dba23e300072044ce/e5ce2e7e-cd0e-41ac-ac99-f9f221bbedbf.mp4
https://km-video-stream.s3.amazonaws.com/org_3f9ef91f-67eb-48b9-bc33-5a858ff7b721/nb9mNN6Wm/Clips/Man/1734199463_2390168/video/1734199463_2391105.mp4,https://d1zxk9teuo4ijt.cloudfront.net/org_faddd2f2-3111-4c09-ade5-800a2c8c6778/TCKfWMqfC/Clips/AspectRatio/6763e68dd211730007d13ba2/4f800ec6-698e-4cb5-b6a2-ebc58f8506e6.mp4
https://km-video-stream.s3.amazonaws.com/org_3f9ef91f-67eb-48b9-bc33-5a858ff7b721/nb9mNN6Wm/Clips/Man/1734199724_107681/video/1734199724_1077693.mp4,https://d1zxk9teuo4ijt.cloudfront.net/org_faddd2f2-3111-4c09-ade5-800a2c8c6778/TCKfWMqfC/Clips/AspectRatio/6763e68ed211730007d13bf1/ef5e2f87-cdb6-4968-8b33-e9798db238e1.mp4
https://km-video-stream.s3.amazonaws.com/org_3f9ef91f-67eb-48b9-bc33-5a858ff7b721/nb9mNN6Wm/Clips/Man/1734199819_2037292/video/1734199819_2038536.mp4,https://d1zxk9teuo4ijt.cloudfront.net/org_faddd2f2-3111-4c09-ade5-800a2c8c6778/TCKfWMqfC/Clips/AspectRatio/6763e68fba23e300072044ff/e3f748dd-c028-4b39-a057-e760d7fefaca.mp4
https://km-video-stream.s3.amazonaws.com/org_3f9ef91f-67eb-48b9-bc33-5a858ff7b721/nb9mNN6Wm/Clips/Man/1734199871_9409895/video/1734199871_9410796.mp4,https://d1zxk9teuo4ijt.cloudfront.net/org_faddd2f2-3111-4c09-ade5-800a2c8c6778/TCKfWMqfC/Clips/AspectRatio/6763e68fd211730007d13c34/d5568d93-3219-429f-8233-10a2c84414e1.mp4
https://km-video-stream.s3.amazonaws.com/org_3f9ef91f-67eb-48b9-bc33-5a858ff7b721/nb9mNN6Wm/Clips/Man/1734199930_6970422/video/1734199930_6971514.mp4,https://d1zxk9teuo4ijt.cloudfront.net/org_faddd2f2-3111-4c09-ade5-800a2c8c6778/TCKfWMqfC/Clips/AspectRatio/6763e690ba23e30007204533/6d3d0366-8b79-403f-864d-b677dd25e65b.mp4
https://km-video-stream.s3.amazonaws.com/org_3f9ef91f-67eb-48b9-bc33-5a858ff7b721/nb9mNN6Wm/Clips/Man/1734199966_2558787/video/1734199966_2559776.mp4,https://d1zxk9teuo4ijt.cloudfront.net/org_faddd2f2-3111-4c09-ade5-800a2c8c6778/TCKfWMqfC/Clips/AspectRatio/6763e690d211730007d13c76/8011a2d9-972e-48f2-89d4-f38251d5ea1f.mp4
https://km-video-stream.s3.amazonaws.com/org_3f9ef91f-67eb-48b9-bc33-5a858ff7b721/nb9mNN6Wm/Clips/Man/1734200212_723904/video/1734200212_7239885.mp4,https://d1zxk9teuo4ijt.cloudfront.net/org_faddd2f2-3111-4c09-ade5-800a2c8c6778/TCKfWMqfC/Clips/AspectRatio/6763e691d211730007d13c97/5308cf96-990d-4cac-ab23-670fccf60485.mp4
https://km-video-stream.s3.amazonaws.com/org_3f9ef91f-67eb-48b9-bc33-5a858ff7b721/nb9mNN6Wm/Clips/Man/1734200239_909652/video/1734200239_90975.mp4,https://d1zxk9teuo4ijt.cloudfront.net/org_faddd2f2-3111-4c09-ade5-800a2c8c6778/TCKfWMqfC/Clips/AspectRatio/6763e692ba23e30007204576/4470453a-c411-4aaf-9071-f9eb5fb71af6.mp4
https://km-video-stream.s3.amazonaws.com/org_3f9ef91f-67eb-48b9-bc33-5a858ff7b721/nb9mNN6Wm/Clips/Man/1734200335_7872949/video/1734200335_787385.mp4,https://d1zxk9teuo4ijt.cloudfront.net/org_faddd2f2-3111-4c09-ade5-800a2c8c6778/TCKfWMqfC/Clips/AspectRatio/6763e692ba23e30007204598/4259ea96-dced-4e63-9fde-ed4a2e06df59.mp4
https://km-video-stream.s3.amazonaws.com/org_3f9ef91f-67eb-48b9-bc33-5a858ff7b721/nb9mNN6Wm/Clips/Man/1734200459_5246475/video/1734200459_524745.mp4,https://d1zxk9teuo4ijt.cloudfront.net/org_faddd2f2-3111-4c09-ade5-800a2c8c6778/TCKfWMqfC/Clips/AspectRatio/6763e693d211730007d13cde/70e61d19-7807-4e6a-8237-b689da11c914.mp4
https://km-video-stream.s3.amazonaws.com/org_3f9ef91f-67eb-48b9-bc33-5a858ff7b721/nb9mNN6Wm/Clips/Man/1734200492_1525483/video/1734200492_1526499.mp4,https://d1zxk9teuo4ijt.cloudfront.net/org_faddd2f2-3111-4c09-ade5-800a2c8c6778/TCKfWMqfC/Clips/AspectRatio/6763e694d211730007d13d19/325988cd-df9d-42a1-b139-1162293905a7.mp4
https://km-video-stream.s3.amazonaws.com/org_3f9ef91f-67eb-48b9-bc33-5a858ff7b721/nb9mNN6Wm/Clips/Man/1734200525_2849886/video/1734200525_285082.mp4,https://d1zxk9teuo4ijt.cloudfront.net/org_faddd2f2-3111-4c09-ade5-800a2c8c6778/TCKfWMqfC/Clips/AspectRatio/6763e695d211730007d13d64/687477b0-27a8-4df0-869a-ba3c45fd249e.mp4
https://km-video-stream.s3.amazonaws.com/org_3f9ef91f-67eb-48b9-bc33-5a858ff7b721/nb9mNN6Wm/Clips/Man/1734200577_8583248/video/1734200577_8584135.mp4,https://d1zxk9teuo4ijt.cloudfront.net/org_faddd2f2-3111-4c09-ade5-800a2c8c6778/TCKfWMqfC/Clips/AspectRatio/6763e696ba23e3000720466a/f65d71f1-1ba2-4dc7-b6f0-2e00ff78ddc1.mp4
https://km-video-stream.s3.amazonaws.com/org_3f9ef91f-67eb-48b9-bc33-5a858ff7b721/nb9mNN6Wm/Clips/Man/1734200625_9856138/video/1734200625_9857013.mp4,https://d1zxk9teuo4ijt.cloudfront.net/org_faddd2f2-3111-4c09-ade5-800a2c8c6778/TCKfWMqfC/Clips/AspectRatio/6763e698d211730007d13dd1/63748aad-bb20-4cdc-997b-638ee4e68c08.mp4
https://km-video-stream.s3.amazonaws.com/org_3f9ef91f-67eb-48b9-bc33-5a858ff7b721/nb9mNN6Wm/Clips/Man/1734200720_7348979/video/1734200720_734998.mp4,https://d1zxk9teuo4ijt.cloudfront.net/org_faddd2f2-3111-4c09-ade5-800a2c8c6778/TCKfWMqfC/Clips/AspectRatio/6763e699ba23e300072046b9/a5179362-1cfa-4108-a950-0c798cf48184.mp4
https://km-video-stream.s3.amazonaws.com/org_3f9ef91f-67eb-48b9-bc33-5a858ff7b721/nb9mNN6Wm/Clips/Man/1734200678_661392/video/1734200678_6614685.mp4,https://d1zxk9teuo4ijt.cloudfront.net/org_faddd2f2-3111-4c09-ade5-800a2c8c6778/TCKfWMqfC/Clips/AspectRatio/6763e699d211730007d13df2/83e538ae-7f0e-4603-852a-d0c875ffc194.mp4
https://km-video-stream.s3.amazonaws.com/org_3f9ef91f-67eb-48b9-bc33-5a858ff7b721/nb9mNN6Wm/Clips/Man/1734200769_815763/video/1734200769_8158388.mp4,https://d1zxk9teuo4ijt.cloudfront.net/org_faddd2f2-3111-4c09-ade5-800a2c8c6778/TCKfWMqfC/Clips/AspectRatio/6763e699d211730007d13e21/8a257333-b6e1-464b-bd93-a34f4d0bff2c.mp4
https://km-video-stream.s3.amazonaws.com/org_3f9ef91f-67eb-48b9-bc33-5a858ff7b721/nb9mNN6Wm/Clips/Man/1734200931_6232095/video/1734200931_6232967.mp4,https://d1zxk9teuo4ijt.cloudfront.net/org_faddd2f2-3111-4c09-ade5-800a2c8c6778/TCKfWMqfC/Clips/AspectRatio/6763e69aba23e300072046e9/78c4ad89-7ca7-4027-9d71-469e790cce8f.mp4
https://km-video-stream.s3.amazonaws.com/org_3f9ef91f-67eb-48b9-bc33-5a858ff7b721/nb9mNN6Wm/Clips/Man/1734200955_445517/video/1734200955_4456096.mp4,https://d1zxk9teuo4ijt.cloudfront.net/org_faddd2f2-3111-4c09-ade5-800a2c8c6778/TCKfWMqfC/Clips/AspectRatio/6763e69aba23e300072046ff/9823fbb4-cb26-4a22-a932-fc1d87728b89.mp4
https://km-video-stream.s3.amazonaws.com/org_3f9ef91f-67eb-48b9-bc33-5a858ff7b721/nb9mNN6Wm/Clips/Man/1734200980_2842948/video/1734200980_28445.mp4,https://d1zxk9teuo4ijt.cloudfront.net/org_faddd2f2-3111-4c09-ade5-800a2c8c6778/TCKfWMqfC/Clips/AspectRatio/6763e69bba23e30007204719/46a85b71-08e0-40d0-a977-eac6fb6b8b8e.mp4
https://km-video-stream.s3.amazonaws.com/org_3f9ef91f-67eb-48b9-bc33-5a858ff7b721/nb9mNN6Wm/Clips/Man/1734201139_2401972/video/1734201139_2402897.mp4,https://d1zxk9teuo4ijt.cloudfront.net/org_faddd2f2-3111-4c09-ade5-800a2c8c6778/TCKfWMqfC/Clips/AspectRatio/6763e69bba23e30007204747/14d2b42b-0c3f-4364-9e91-eda51a511002.mp4
https://km-video-stream.s3.amazonaws.com/org_3f9ef91f-67eb-48b9-bc33-5a858ff7b721/nb9mNN6Wm/Clips/Man/1734201163_5008295/video/1734201163_500934.mp4,https://d1zxk9teuo4ijt.cloudfront.net/org_faddd2f2-3111-4c09-ade5-800a2c8c6778/TCKfWMqfC/Clips/AspectRatio/6763e69dd211730007d13ea9/2b8a828b-02ca-4f8e-9fe1-5c65f2546e6a.mp4
https://km-video-stream.s3.amazonaws.com/org_3f9ef91f-67eb-48b9-bc33-5a858ff7b721/nb9mNN6Wm/Clips/Man/1734201265_1431355/video/1734201265_1432402.mp4,https://d1zxk9teuo4ijt.cloudfront.net/org_faddd2f2-3111-4c09-ade5-800a2c8c6778/TCKfWMqfC/Clips/AspectRatio/6763e69ed211730007d13ee2/036f9d13-f981-4c11-9c71-79fd8202d730.mp4
https://km-video-stream.s3.amazonaws.com/org_3f9ef91f-67eb-48b9-bc33-5a858ff7b721/nb9mNN6Wm/Clips/Man/1734201290_235342/video/1734201290_2354324.mp4,https://d1zxk9teuo4ijt.cloudfront.net/org_faddd2f2-3111-4c09-ade5-800a2c8c6778/TCKfWMqfC/Clips/AspectRatio/6763e69fba23e300072047e3/4830b6f3-5239-443d-94e5-98132dd0126f.mp4
https://km-video-stream.s3.amazonaws.com/org_3f9ef91f-67eb-48b9-bc33-5a858ff7b721/nb9mNN6Wm/Clips/Man/1734201326_553416/video/1734201326_5535007.mp4,https://d1zxk9teuo4ijt.cloudfront.net/org_faddd2f2-3111-4c09-ade5-800a2c8c6778/TCKfWMqfC/Clips/AspectRatio/6763e6a0ba23e30007204809/882e6d96-0b0f-4a9f-ac8b-6e647c962433.mp4
https://km-video-stream.s3.amazonaws.com/org_3f9ef91f-67eb-48b9-bc33-5a858ff7b721/nb9mNN6Wm/Clips/Man/1734201471_474061/video/1734201471_4741564.mp4,https://d1zxk9teuo4ijt.cloudfront.net/org_faddd2f2-3111-4c09-ade5-800a2c8c6778/TCKfWMqfC/Clips/AspectRatio/6763e6a1ba23e30007204842/3e542b93-d5ff-4588-898f-5beaa34b9a62.mp4
https://km-video-stream.s3.amazonaws.com/org_3f9ef91f-67eb-48b9-bc33-5a858ff7b721/nb9mNN6Wm/Clips/Man/1734201400_636388/video/1734201400_636475.mp4,https://d1zxk9teuo4ijt.cloudfront.net/org_faddd2f2-3111-4c09-ade5-800a2c8c6778/TCKfWMqfC/Clips/AspectRatio/6763e6a1d211730007d13f54/84f55077-4a18-44fd-886b-4a3536b67d0f.mp4
https://km-video-stream.s3.amazonaws.com/org_3f9ef91f-67eb-48b9-bc33-5a858ff7b721/nb9mNN6Wm/Clips/Man/1734201524_1282086/video/1734201524_1283588.mp4,https://d1zxk9teuo4ijt.cloudfront.net/org_faddd2f2-3111-4c09-ade5-800a2c8c6778/TCKfWMqfC/Clips/AspectRatio/6763e6a2d211730007d13fa1/be814bed-122b-4158-a471-becb9fb71895.mp4
https://km-video-stream.s3.amazonaws.com/org_3f9ef91f-67eb-48b9-bc33-5a858ff7b721/nb9mNN6Wm/Clips/Man/1734201552_672714/video/1734201552_672807.mp4,https://d1zxk9teuo4ijt.cloudfront.net/org_faddd2f2-3111-4c09-ade5-800a2c8c6778/TCKfWMqfC/Clips/AspectRatio/6763e6a8d211730007d14076/b90f9e34-f236-4eb2-ad1d-e5ab67315ae5.mp4
https://km-video-stream.s3.amazonaws.com/org_3f9ef91f-67eb-48b9-bc33-5a858ff7b721/nb9mNN6Wm/Clips/Man/1734201590_4253764/video/1734201590_425468.mp4,https://d1zxk9teuo4ijt.cloudfront.net/org_faddd2f2-3111-4c09-ade5-800a2c8c6778/TCKfWMqfC/Clips/AspectRatio/6763e6aad211730007d140d0/62fd3930-25d7-478b-b34a-cf9504020a9b.mp4
https://km-video-stream.s3.amazonaws.com/org_3f9ef91f-67eb-48b9-bc33-5a858ff7b721/nb9mNN6Wm/Clips/Man/1734201613_725955/video/1734201613_7260492.mp4,https://d1zxk9teuo4ijt.cloudfront.net/org_faddd2f2-3111-4c09-ade5-800a2c8c6778/TCKfWMqfC/Clips/AspectRatio/6763e6abd211730007d14124/a146a9ef-0f41-4bc3-913c-09ca1417d1df.mp4
https://km-video-stream.s3.amazonaws.com/org_3f9ef91f-67eb-48b9-bc33-5a858ff7b721/nb9mNN6Wm/Clips/Man/1734201712_4936283/video/1734201712_4937572.mp4,https://d1zxk9teuo4ijt.cloudfront.net/org_faddd2f2-3111-4c09-ade5-800a2c8c6778/TCKfWMqfC/Clips/AspectRatio/6763e6acd211730007d14165/f36c417c-6d81-4ea8-b3cc-3767d87b193c.mp4
https://km-video-stream.s3.amazonaws.com/org_3f9ef91f-67eb-48b9-bc33-5a858ff7b721/nb9mNN6Wm/Clips/Man/1734201753_4643755/video/1734201753_464476.mp4,https://d1zxk9teuo4ijt.cloudfront.net/org_faddd2f2-3111-4c09-ade5-800a2c8c6778/TCKfWMqfC/Clips/AspectRatio/6763e6add211730007d1417b/712e24b8-11ee-4f30-b3eb-38a1c9ce077c.mp4
https://km-video-stream.s3.amazonaws.com/org_3f9ef91f-67eb-48b9-bc33-5a858ff7b721/nb9mNN6Wm/Clips/Man/1734201787_1743066/video/1734201787_174398.mp4,https://d1zxk9teuo4ijt.cloudfront.net/org_faddd2f2-3111-4c09-ade5-800a2c8c6778/TCKfWMqfC/Clips/AspectRatio/6763e6add211730007d141a0/a44be1da-646e-457c-8b4d-253ea522b513.mp4
https://km-video-stream.s3.amazonaws.com/org_3f9ef91f-67eb-48b9-bc33-5a858ff7b721/nb9mNN6Wm/Clips/Edited/1734203075_0508368/video/1734203075_050913.mp4,https://d1zxk9teuo4ijt.cloudfront.net/org_faddd2f2-3111-4c09-ade5-800a2c8c6778/TCKfWMqfC/Clips/AspectRatio/6763e6aed211730007d141bf/3b2bb2fe-4f93-44e2-b489-204d0020ec23.mp4
https://km-video-stream.s3.amazonaws.com/org_3f9ef91f-67eb-48b9-bc33-5a858ff7b721/s1oNBIDeL/Clips/Man/1734196904_2930403/video/1734196904_2931283.mp4,https://d1zxk9teuo4ijt.cloudfront.net/org_faddd2f2-3111-4c09-ade5-800a2c8c6778/TCKfWMqfC/Clips/AspectRatio/6763e6afba23e30007204a43/a401ca6b-e10a-42f7-9b0e-632a92f2240b.mp4
https://km-video-stream.s3.amazonaws.com/org_3f9ef91f-67eb-48b9-bc33-5a858ff7b721/s1oNBIDeL/Clips/Man/1734196935_4672754/video/1734196935_4673882.mp4,https://d1zxk9teuo4ijt.cloudfront.net/org_faddd2f2-3111-4c09-ade5-800a2c8c6778/TCKfWMqfC/Clips/AspectRatio/6763e6afd211730007d141f4/caa015a5-d378-4918-837c-91d98b82aacd.mp4
https://km-video-stream.s3.amazonaws.com/org_3f9ef91f-67eb-48b9-bc33-5a858ff7b721/s1oNBIDeL/Clips/Man/1734196987_1761549/video/1734196987_1762474.mp4,https://d1zxk9teuo4ijt.cloudfront.net/org_faddd2f2-3111-4c09-ade5-800a2c8c6778/TCKfWMqfC/Clips/AspectRatio/6763e6b0d211730007d14233/71991774-ae4a-4305-9dd2-aaecc06448d3.mp4
https://km-video-stream.s3.amazonaws.com/org_3f9ef91f-67eb-48b9-bc33-5a858ff7b721/s1oNBIDeL/Clips/Man/1734197072_658765/video/1734197072_6588626.mp4,https://d1zxk9teuo4ijt.cloudfront.net/org_faddd2f2-3111-4c09-ade5-800a2c8c6778/TCKfWMqfC/Clips/AspectRatio/6763e6b1ba23e30007204a96/f37b98c3-19a0-4471-8d7d-85fbb262f0f7.mp4
https://km-video-stream.s3.amazonaws.com/org_3f9ef91f-67eb-48b9-bc33-5a858ff7b721/s1oNBIDeL/Clips/Man/1734197123_1050785/video/1734197123_105209.mp4,https://d1zxk9teuo4ijt.cloudfront.net/org_faddd2f2-3111-4c09-ade5-800a2c8c6778/TCKfWMqfC/Clips/AspectRatio/6763e6b2ba23e30007204aad/68e068f1-0c7e-4d07-9bf8-c27d5cfac304.mp4
https://km-video-stream.s3.amazonaws.com/org_3f9ef91f-67eb-48b9-bc33-5a858ff7b721/s1oNBIDeL/Clips/Man/1734197176_1983101/video/1734197176_198399.mp4,https://d1zxk9teuo4ijt.cloudfront.net/org_faddd2f2-3111-4c09-ade5-800a2c8c6778/TCKfWMqfC/Clips/AspectRatio/6763e6b2ba23e30007204aca/3a07f954-1d57-4bc9-b42b-dcad83c6a31b.mp4
https://km-video-stream.s3.amazonaws.com/org_3f9ef91f-67eb-48b9-bc33-5a858ff7b721/s1oNBIDeL/Clips/Man/1734197226_412004/video/1734197226_4120955.mp4,https://d1zxk9teuo4ijt.cloudfront.net/org_faddd2f2-3111-4c09-ade5-800a2c8c6778/TCKfWMqfC/Clips/AspectRatio/6763e6b3ba23e30007204ae4/cb9cb2c9-da8e-4647-907c-0d75b81bf327.mp4
https://km-video-stream.s3.amazonaws.com/org_3f9ef91f-67eb-48b9-bc33-5a858ff7b721/s1oNBIDeL/Clips/Man/1734197339_7309666/video/1734197339_731049.mp4,https://d1zxk9teuo4ijt.cloudfront.net/org_faddd2f2-3111-4c09-ade5-800a2c8c6778/TCKfWMqfC/Clips/AspectRatio/6763e6b3d211730007d14289/69f96470-7ea4-454d-9e5c-c5449b034916.mp4
https://km-video-stream.s3.amazonaws.com/org_3f9ef91f-67eb-48b9-bc33-5a858ff7b721/s1oNBIDeL/Clips/Man/1734197412_653495/video/1734197412_6535804.mp4,https://d1zxk9teuo4ijt.cloudfront.net/org_faddd2f2-3111-4c09-ade5-800a2c8c6778/TCKfWMqfC/Clips/AspectRatio/6763e6b4ba23e30007204afc/706e5d37-c0fd-4c8a-9d48-e065c2b15ab8.mp4
https://km-video-stream.s3.amazonaws.com/org_3f9ef91f-67eb-48b9-bc33-5a858ff7b721/s1oNBIDeL/Clips/Man/1734197517_7334607/video/1734197517_7335603.mp4,https://d1zxk9teuo4ijt.cloudfront.net/org_faddd2f2-3111-4c09-ade5-800a2c8c6778/TCKfWMqfC/Clips/AspectRatio/6763e6b4d211730007d142b3/fc33473e-fa53-46f7-82ad-a297a35b7cc5.mp4
https://km-video-stream.s3.amazonaws.com/org_3f9ef91f-67eb-48b9-bc33-5a858ff7b721/s1oNBIDeL/Clips/Man/1734197546_1966207/video/1734197546_1967132.mp4,https://d1zxk9teuo4ijt.cloudfront.net/org_faddd2f2-3111-4c09-ade5-800a2c8c6778/TCKfWMqfC/Clips/AspectRatio/6763e6b5ba23e30007204b2a/0b120985-3159-4089-bd82-cba3441b4cd7.mp4
https://km-video-stream.s3.amazonaws.com/org_3f9ef91f-67eb-48b9-bc33-5a858ff7b721/s1oNBIDeL/Clips/Man/1734197635_086515/video/1734197635_0866122.mp4,https://d1zxk9teuo4ijt.cloudfront.net/org_faddd2f2-3111-4c09-ade5-800a2c8c6778/TCKfWMqfC/Clips/AspectRatio/6763e6b5ba23e30007204b4d/0d9f13ff-bf76-4810-b12c-3d4b54f4cfc4.mp4
https://km-video-stream.s3.amazonaws.com/org_3f9ef91f-67eb-48b9-bc33-5a858ff7b721/s1oNBIDeL/Clips/Man/1734197671_6745646/video/1734197671_6746604.mp4,https://d1zxk9teuo4ijt.cloudfront.net/org_faddd2f2-3111-4c09-ade5-800a2c8c6778/TCKfWMqfC/Clips/AspectRatio/6763e6b6d211730007d14309/5c145456-91a8-4451-87d7-3201b0134a95.mp4
https://km-video-stream.s3.amazonaws.com/org_3f9ef91f-67eb-48b9-bc33-5a858ff7b721/s1oNBIDeL/Clips/Man/1734197818_4626138/video/1734197818_4627254.mp4,https://d1zxk9teuo4ijt.cloudfront.net/org_faddd2f2-3111-4c09-ade5-800a2c8c6778/TCKfWMqfC/Clips/AspectRatio/6763e6b8ba23e30007204b8e/2ffcacd8-dbc7-4f65-99b8-764f99906e4c.mp4
https://km-video-stream.s3.amazonaws.com/org_3f9ef91f-67eb-48b9-bc33-5a858ff7b721/s1oNBIDeL/Clips/Man/1734197709_0955067/video/1734197709_0956092.mp4,https://d1zxk9teuo4ijt.cloudfront.net/org_faddd2f2-3111-4c09-ade5-800a2c8c6778/TCKfWMqfC/Clips/AspectRatio/6763e6b8d211730007d14336/8a91bda7-fdcb-4b44-9701-b5e2344f0c9b.mp4
https://km-video-stream.s3.amazonaws.com/org_3f9ef91f-67eb-48b9-bc33-5a858ff7b721/s1oNBIDeL/Clips/Man/1734198536_5399237/video/1734198536_5400214.mp4,https://d1zxk9teuo4ijt.cloudfront.net/org_faddd2f2-3111-4c09-ade5-800a2c8c6778/TCKfWMqfC/Clips/AspectRatio/6763e6b9ba23e30007204bab/d3af7c39-07df-48f2-8ff4-2d853479b996.mp4
https://km-video-stream.s3.amazonaws.com/org_3f9ef91f-67eb-48b9-bc33-5a858ff7b721/s1oNBIDeL/Clips/Man/1734197940_3293295/video/1734197940_3294244.mp4,https://d1zxk9teuo4ijt.cloudfront.net/org_faddd2f2-3111-4c09-ade5-800a2c8c6778/TCKfWMqfC/Clips/AspectRatio/6763e6b9d211730007d14354/2626f8fd-76ad-4168-9a81-702e9ea3bec3.mp4
https://km-video-stream.s3.amazonaws.com/org_3f9ef91f-67eb-48b9-bc33-5a858ff7b721/s1oNBIDeL/Clips/Man/1734198579_6459794/video/1734198579_6460857.mp4,https://d1zxk9teuo4ijt.cloudfront.net/org_faddd2f2-3111-4c09-ade5-800a2c8c6778/TCKfWMqfC/Clips/AspectRatio/6763e6baba23e30007204be9/66b67ae2-841b-4239-b234-df99de2b443d.mp4
https://km-video-stream.s3.amazonaws.com/org_3f9ef91f-67eb-48b9-bc33-5a858ff7b721/s1oNBIDeL/Clips/Man/1734198625_2351787/video/1734198625_2352731.mp4,https://d1zxk9teuo4ijt.cloudfront.net/org_faddd2f2-3111-4c09-ade5-800a2c8c6778/TCKfWMqfC/Clips/AspectRatio/6763e6bbba23e30007204c02/bde6d136-8093-4200-a83c-d04286a09bf1.mp4
https://km-video-stream.s3.amazonaws.com/org_3f9ef91f-67eb-48b9-bc33-5a858ff7b721/s1oNBIDeL/Clips/Man/1734198656_075048/video/1734198656_0751193.mp4,https://d1zxk9teuo4ijt.cloudfront.net/org_faddd2f2-3111-4c09-ade5-800a2c8c6778/TCKfWMqfC/Clips/AspectRatio/6763e6bcd211730007d143ad/8d6db0be-467d-4691-9e1a-5716157e8654.mp4
https://km-video-stream.s3.amazonaws.com/org_3f9ef91f-67eb-48b9-bc33-5a858ff7b721/s1oNBIDeL/Clips/Man/1734198786_5599024/video/1734198786_5600004.mp4,https://d1zxk9teuo4ijt.cloudfront.net/org_faddd2f2-3111-4c09-ade5-800a2c8c6778/TCKfWMqfC/Clips/AspectRatio/6763e6beba23e30007204c80/8d265b2d-0dc2-4277-964f-4ce38978f6ee.mp4
https://km-video-stream.s3.amazonaws.com/org_3f9ef91f-67eb-48b9-bc33-5a858ff7b721/s1oNBIDeL/Clips/Man/1734198707_5979025/video/1734198707_5980313.mp4,https://d1zxk9teuo4ijt.cloudfront.net/org_faddd2f2-3111-4c09-ade5-800a2c8c6778/TCKfWMqfC/Clips/AspectRatio/6763e6bed211730007d14404/43e71e5b-98a5-4635-86bb-8e7cf61eb23b.mp4
https://km-video-stream.s3.amazonaws.com/org_3f9ef91f-67eb-48b9-bc33-5a858ff7b721/s1oNBIDeL/Clips/Man/1734198901_5292597/video/1734198901_5293653.mp4,https://d1zxk9teuo4ijt.cloudfront.net/org_faddd2f2-3111-4c09-ade5-800a2c8c6778/TCKfWMqfC/Clips/AspectRatio/6763e6bfba23e30007204cb8/4dd1924c-0063-447c-8134-52d445fccf98.mp4
https://km-video-stream.s3.amazonaws.com/org_3f9ef91f-67eb-48b9-bc33-5a858ff7b721/s1oNBIDeL/Clips/Man/1734198922_668478/video/1734198922_6685922.mp4,https://d1zxk9teuo4ijt.cloudfront.net/org_faddd2f2-3111-4c09-ade5-800a2c8c6778/TCKfWMqfC/Clips/AspectRatio/6763e6c1d211730007d1448c/79a717ef-bc6d-4332-959d-f1a6885db473.mp4
https://km-video-stream.s3.amazonaws.com/org_3f9ef91f-67eb-48b9-bc33-5a858ff7b721/s1oNBIDeL/Clips/Man/1734198957_605147/video/1734198957_60525.mp4,https://d1zxk9teuo4ijt.cloudfront.net/org_faddd2f2-3111-4c09-ade5-800a2c8c6778/TCKfWMqfC/Clips/AspectRatio/6763e6c3d211730007d144da/2bb92ae6-28a2-47bd-8b17-7f279c3313ff.mp4
https://km-video-stream.s3.amazonaws.com/org_3f9ef91f-67eb-48b9-bc33-5a858ff7b721/s1oNBIDeL/Clips/Man/1734198987_34767/video/1734198987_3477635.mp4,https://d1zxk9teuo4ijt.cloudfront.net/org_faddd2f2-3111-4c09-ade5-800a2c8c6778/TCKfWMqfC/Clips/AspectRatio/6763e6c4d211730007d1451d/7978224c-61fb-4649-b0d6-ec17fd7f73de.mp4
https://km-video-stream.s3.amazonaws.com/org_3f9ef91f-67eb-48b9-bc33-5a858ff7b721/s1oNBIDeL/Clips/Man/1734199064_9519327/video/1734199064_9520206.mp4,https://d1zxk9teuo4ijt.cloudfront.net/org_faddd2f2-3111-4c09-ade5-800a2c8c6778/TCKfWMqfC/Clips/AspectRatio/6763e6c6d211730007d14574/e6712752-af1d-4352-a949-b09ae4ef08f7.mp4
https://km-video-stream.s3.amazonaws.com/org_3f9ef91f-67eb-48b9-bc33-5a858ff7b721/s1oNBIDeL/Clips/Man/1734199091_7683146/video/1734199091_768424.mp4,https://d1zxk9teuo4ijt.cloudfront.net/org_faddd2f2-3111-4c09-ade5-800a2c8c6778/TCKfWMqfC/Clips/AspectRatio/6763e6c7ba23e30007204dd3/08572f68-50eb-4571-b71d-bbf14720a119.mp4
https://km-video-stream.s3.amazonaws.com/org_3f9ef91f-67eb-48b9-bc33-5a858ff7b721/s1oNBIDeL/Clips/Man/1734199136_190133/video/1734199136_1902552.mp4,https://d1zxk9teuo4ijt.cloudfront.net/org_faddd2f2-3111-4c09-ade5-800a2c8c6778/TCKfWMqfC/Clips/AspectRatio/6763e6c9d211730007d145d5/a7914542-293e-44c0-9ec2-402a8db00144.mp4
https://km-video-stream.s3.amazonaws.com/org_3f9ef91f-67eb-48b9-bc33-5a858ff7b721/s1oNBIDeL/Clips/Man/1734199180_9817114/video/1734199180_9817982.mp4,https://d1zxk9teuo4ijt.cloudfront.net/org_faddd2f2-3111-4c09-ade5-800a2c8c6778/TCKfWMqfC/Clips/AspectRatio/6763e6caba23e30007204e0e/926eef46-9d20-4251-8ebb-61e27dcca359.mp4
https://km-video-stream.s3.amazonaws.com/org_3f9ef91f-67eb-48b9-bc33-5a858ff7b721/s1oNBIDeL/Clips/Man/1734199212_399277/video/1734199212_3993647.mp4,https://d1zxk9teuo4ijt.cloudfront.net/org_faddd2f2-3111-4c09-ade5-800a2c8c6778/TCKfWMqfC/Clips/AspectRatio/6763e6cad211730007d14624/fc60d17a-47fa-49d5-bc23-bad81ffb61db.mp4
https://km-video-stream.s3.amazonaws.com/org_3f9ef91f-67eb-48b9-bc33-5a858ff7b721/s1oNBIDeL/Clips/Man/1734199230_358166/video/1734199230_3582592.mp4,https://d1zxk9teuo4ijt.cloudfront.net/org_faddd2f2-3111-4c09-ade5-800a2c8c6778/TCKfWMqfC/Clips/AspectRatio/6763e6ccba23e30007204e43/7c07165c-a0f1-4d93-9d5a-584cff7dfbaf.mp4
https://km-video-stream.s3.amazonaws.com/org_3f9ef91f-67eb-48b9-bc33-5a858ff7b721/s1oNBIDeL/Clips/Man/1734199287_3864446/video/1734199287_3865483.mp4,https://d1zxk9teuo4ijt.cloudfront.net/org_faddd2f2-3111-4c09-ade5-800a2c8c6778/TCKfWMqfC/Clips/AspectRatio/6763e6ceba23e30007204e97/f1c3cb31-b2bb-43cb-ab2d-2daec885678f.mp4
https://km-video-stream.s3.amazonaws.com/org_3f9ef91f-67eb-48b9-bc33-5a858ff7b721/s1oNBIDeL/Clips/Man/1734199329_8713655/video/1734199329_871458.mp4,https://d1zxk9teuo4ijt.cloudfront.net/org_faddd2f2-3111-4c09-ade5-800a2c8c6778/TCKfWMqfC/Clips/AspectRatio/6763e6cfd211730007d146cd/7a02cb4d-1008-4e81-b6a8-0d05e6bac0eb.mp4
https://km-video-stream.s3.amazonaws.com/org_3f9ef91f-67eb-48b9-bc33-5a858ff7b721/s1oNBIDeL/Clips/Man/1734199432_9371152/video/1734199432_937207.mp4,https://d1zxk9teuo4ijt.cloudfront.net/org_faddd2f2-3111-4c09-ade5-800a2c8c6778/TCKfWMqfC/Clips/AspectRatio/6763e6d0ba23e30007204ed6/df15f4fe-3088-41ed-8dae-3279ee1c8443.mp4
https://km-video-stream.s3.amazonaws.com/org_3f9ef91f-67eb-48b9-bc33-5a858ff7b721/s1oNBIDeL/Clips/Man/1734199465_6967518/video/1734199465_6968443.mp4,https://d1zxk9teuo4ijt.cloudfront.net/org_faddd2f2-3111-4c09-ade5-800a2c8c6778/TCKfWMqfC/Clips/AspectRatio/6763e6d0ba23e30007204eec/a57e3ea8-7f12-4c87-881c-bf29a1924c35.mp4
https://km-video-stream.s3.amazonaws.com/org_3f9ef91f-67eb-48b9-bc33-5a858ff7b721/s1oNBIDeL/Clips/Man/1734199575_5675874/video/1734199575_5676954.mp4,https://d1zxk9teuo4ijt.cloudfront.net/org_faddd2f2-3111-4c09-ade5-800a2c8c6778/TCKfWMqfC/Clips/AspectRatio/6763e6d1ba23e30007204f24/3c0b5687-0005-4964-8a25-c665249018a0.mp4
https://km-video-stream.s3.amazonaws.com/org_3f9ef91f-67eb-48b9-bc33-5a858ff7b721/s1oNBIDeL/Clips/Man/1734199697_9031248/video/1734199697_9032083.mp4,https://d1zxk9teuo4ijt.cloudfront.net/org_faddd2f2-3111-4c09-ade5-800a2c8c6778/TCKfWMqfC/Clips/AspectRatio/6763e6d2ba23e30007204f63/d084790b-0f65-4071-bfce-4ab8ded67fd4.mp4
https://km-video-stream.s3.amazonaws.com/org_3f9ef91f-67eb-48b9-bc33-5a858ff7b721/s1oNBIDeL/Clips/Man/1734199596_879725/video/1734199596_8798177.mp4,https://d1zxk9teuo4ijt.cloudfront.net/org_faddd2f2-3111-4c09-ade5-800a2c8c6778/TCKfWMqfC/Clips/AspectRatio/6763e6d2d211730007d14757/eb5be2ac-c391-4bad-b038-4e3ebdd34fb1.mp4
https://km-video-stream.s3.amazonaws.com/org_3f9ef91f-67eb-48b9-bc33-5a858ff7b721/s1oNBIDeL/Clips/Man/1734199782_728911/video/1734199782_7291434.mp4,https://d1zxk9teuo4ijt.cloudfront.net/org_faddd2f2-3111-4c09-ade5-800a2c8c6778/TCKfWMqfC/Clips/AspectRatio/6763e6d3d211730007d14771/28abe0d9-ea18-4826-9908-35b7c833145c.mp4
https://km-video-stream.s3.amazonaws.com/org_3f9ef91f-67eb-48b9-bc33-5a858ff7b721/s1oNBIDeL/Clips/Man/1734199810_7432537/video/1734199810_7435858.mp4,https://d1zxk9teuo4ijt.cloudfront.net/org_faddd2f2-3111-4c09-ade5-800a2c8c6778/TCKfWMqfC/Clips/AspectRatio/6763e6d3d211730007d14794/eddd3a8f-fac6-4168-88ea-30ec84ec7a35.mp4
https://km-video-stream.s3.amazonaws.com/org_3f9ef91f-67eb-48b9-bc33-5a858ff7b721/s1oNBIDeL/Clips/Man/1734200107_1362789/video/1734200107_1363733.mp4,https://d1zxk9teuo4ijt.cloudfront.net/org_faddd2f2-3111-4c09-ade5-800a2c8c6778/TCKfWMqfC/Clips/AspectRatio/6763e6d5ba23e30007204f95/24bca7a3-b79d-4889-bb50-0d3d6b71a456.mp4
https://km-video-stream.s3.amazonaws.com/org_3f9ef91f-67eb-48b9-bc33-5a858ff7b721/s1oNBIDeL/Clips/Man/1734200174_896121/video/1734200174_8962183.mp4,https://d1zxk9teuo4ijt.cloudfront.net/org_faddd2f2-3111-4c09-ade5-800a2c8c6778/TCKfWMqfC/Clips/AspectRatio/6763e6d6ba23e30007204fc1/eff51f14-fef7-469f-8792-8467024c84e6.mp4
https://km-video-stream.s3.amazonaws.com/org_3f9ef91f-67eb-48b9-bc33-5a858ff7b721/s1oNBIDeL/Clips/Man/1734200311_2069201/video/1734200311_2070231.mp4,https://d1zxk9teuo4ijt.cloudfront.net/org_faddd2f2-3111-4c09-ade5-800a2c8c6778/TCKfWMqfC/Clips/AspectRatio/6763e6d7d211730007d147f6/973000a6-9718-4639-b8d0-2d330b973e75.mp4
https://km-video-stream.s3.amazonaws.com/org_3f9ef91f-67eb-48b9-bc33-5a858ff7b721/s1oNBIDeL/Clips/Man/1734200329_556399/video/1734200329_556486.mp4,https://d1zxk9teuo4ijt.cloudfront.net/org_faddd2f2-3111-4c09-ade5-800a2c8c6778/TCKfWMqfC/Clips/AspectRatio/6763e6d8ba23e30007204ff8/233883d4-4590-4510-8531-2138b7695476.mp4
https://km-video-stream.s3.amazonaws.com/org_3f9ef91f-67eb-48b9-bc33-5a858ff7b721/s1oNBIDeL/Clips/Man/1734200502_8679512/video/1734200502_8680413.mp4,https://d1zxk9teuo4ijt.cloudfront.net/org_faddd2f2-3111-4c09-ade5-800a2c8c6778/TCKfWMqfC/Clips/AspectRatio/6763e6d9d211730007d14856/2fbbd20e-8d5f-461d-b672-90243c883c49.mp4
https://km-video-stream.s3.amazonaws.com/org_3f9ef91f-67eb-48b9-bc33-5a858ff7b721/s1oNBIDeL/Clips/Man/1734200669_4985063/video/1734200669_4986162.mp4,https://d1zxk9teuo4ijt.cloudfront.net/org_faddd2f2-3111-4c09-ade5-800a2c8c6778/TCKfWMqfC/Clips/AspectRatio/6763e6daba23e3000720504d/51cb8e38-45f1-4ca6-b3da-0f6848f99928.mp4
https://km-video-stream.s3.amazonaws.com/org_3f9ef91f-67eb-48b9-bc33-5a858ff7b721/s1oNBIDeL/Clips/Man/1734200809_368608/video/1734200809_368689.mp4,https://d1zxk9teuo4ijt.cloudfront.net/org_faddd2f2-3111-4c09-ade5-800a2c8c6778/TCKfWMqfC/Clips/AspectRatio/6763e6dbba23e30007205068/2e39ce13-05e6-4922-a972-c685595ccf2f.mp4
https://km-video-stream.s3.amazonaws.com/org_3f9ef91f-67eb-48b9-bc33-5a858ff7b721/wp5UdxQ.4/Clips/Man/1734197813_7978232/video/1734197813_797906.mp4,https://d1zxk9teuo4ijt.cloudfront.net/org_faddd2f2-3111-4c09-ade5-800a2c8c6778/TCKfWMqfC/Clips/AspectRatio/6763e6dcba23e3000720509d/042a85c9-47bd-4663-a4c4-d03f8b4667f8.mp4
https://km-video-stream.s3.amazonaws.com/org_3f9ef91f-67eb-48b9-bc33-5a858ff7b721/s1oNBIDeL/Clips/Man/1734200854_939026/video/1734200854_9391155.mp4,https://d1zxk9teuo4ijt.cloudfront.net/org_faddd2f2-3111-4c09-ade5-800a2c8c6778/TCKfWMqfC/Clips/AspectRatio/6763e6dcd211730007d148af/ff2d2ae4-c164-4de8-8126-69ef2f2c47ed.mp4
https://km-video-stream.s3.amazonaws.com/org_3f9ef91f-67eb-48b9-bc33-5a858ff7b721/wp5UdxQ.4/Clips/Man/1734197879_741666/video/1734197879_7417748.mp4,https://d1zxk9teuo4ijt.cloudfront.net/org_faddd2f2-3111-4c09-ade5-800a2c8c6778/TCKfWMqfC/Clips/AspectRatio/6763e6ddba23e300072050d1/6cc0ebb9-62bc-4704-a9d1-a668a86eaa08.mp4
https://km-video-stream.s3.amazonaws.com/org_3f9ef91f-67eb-48b9-bc33-5a858ff7b721/wp5UdxQ.4/Clips/Man/1734197841_9549987/video/1734197841_9550886.mp4,https://d1zxk9teuo4ijt.cloudfront.net/org_faddd2f2-3111-4c09-ade5-800a2c8c6778/TCKfWMqfC/Clips/AspectRatio/6763e6ddd211730007d148dd/6b14413f-681a-4bed-9a49-3ff17418f9c9.mp4
https://km-video-stream.s3.amazonaws.com/org_3f9ef91f-67eb-48b9-bc33-5a858ff7b721/wp5UdxQ.4/Clips/Man/1734197912_7863176/video/1734197912_7863955.mp4,https://d1zxk9teuo4ijt.cloudfront.net/org_faddd2f2-3111-4c09-ade5-800a2c8c6778/TCKfWMqfC/Clips/AspectRatio/6763e6ded211730007d14919/c927fde1-3dc6-42a7-8244-a1439b704f6a.mp4
https://km-video-stream.s3.amazonaws.com/org_3f9ef91f-67eb-48b9-bc33-5a858ff7b721/wp5UdxQ.4/Clips/Man/1734198848_4868832/video/1734198848_4869974.mp4,https://d1zxk9teuo4ijt.cloudfront.net/org_faddd2f2-3111-4c09-ade5-800a2c8c6778/TCKfWMqfC/Clips/AspectRatio/6763e6dfba23e30007205121/b0cd2ec5-f376-4258-9ea8-c6d087c9caca.mp4
https://km-video-stream.s3.amazonaws.com/org_3f9ef91f-67eb-48b9-bc33-5a858ff7b721/wp5UdxQ.4/Clips/Man/1734198814_0521727/video/1734198814_0522552.mp4,https://d1zxk9teuo4ijt.cloudfront.net/org_faddd2f2-3111-4c09-ade5-800a2c8c6778/TCKfWMqfC/Clips/AspectRatio/6763e6dfd211730007d14933/a2b7d767-bbda-44d9-b65e-a8ad60ac438d.mp4
https://km-video-stream.s3.amazonaws.com/org_3f9ef91f-67eb-48b9-bc33-5a858ff7b721/wp5UdxQ.4/Clips/Man/1734199003_3326864/video/1734199003_3327785.mp4,https://d1zxk9teuo4ijt.cloudfront.net/org_faddd2f2-3111-4c09-ade5-800a2c8c6778/TCKfWMqfC/Clips/AspectRatio/6763e6e0ba23e3000720513a/0f3fbe97-541d-4037-a1a0-348579a34274.mp4
https://km-video-stream.s3.amazonaws.com/org_3f9ef91f-67eb-48b9-bc33-5a858ff7b721/wp5UdxQ.4/Clips/Man/1734198910_1907706/video/1734198910_190855.mp4,https://d1zxk9teuo4ijt.cloudfront.net/org_faddd2f2-3111-4c09-ade5-800a2c8c6778/TCKfWMqfC/Clips/AspectRatio/6763e6e0d211730007d1494b/c9715918-fc0f-41af-97e5-64de2a46a20a.mp4
https://km-video-stream.s3.amazonaws.com/org_3f9ef91f-67eb-48b9-bc33-5a858ff7b721/wp5UdxQ.4/Clips/Man/1734199032_9283688/video/1734199032_9284687.mp4,https://d1zxk9teuo4ijt.cloudfront.net/org_faddd2f2-3111-4c09-ade5-800a2c8c6778/TCKfWMqfC/Clips/AspectRatio/6763e6e2ba23e3000720515f/487da7e6-2a80-4601-994c-1bec27c76b94.mp4
https://km-video-stream.s3.amazonaws.com/org_3f9ef91f-67eb-48b9-bc33-5a858ff7b721/wp5UdxQ.4/Clips/Man/1734199058_135788/video/1734199058_1358728.mp4,https://d1zxk9teuo4ijt.cloudfront.net/org_faddd2f2-3111-4c09-ade5-800a2c8c6778/TCKfWMqfC/Clips/AspectRatio/6763e6e3d211730007d14998/53f94c20-0293-4a67-b620-32de22229535.mp4
https://km-video-stream.s3.amazonaws.com/org_3f9ef91f-67eb-48b9-bc33-5a858ff7b721/wp5UdxQ.4/Clips/Man/1734199210_6419744/video/1734199210_642071.mp4,https://d1zxk9teuo4ijt.cloudfront.net/org_faddd2f2-3111-4c09-ade5-800a2c8c6778/TCKfWMqfC/Clips/AspectRatio/6763e6e3d211730007d149aa/eb19dac1-901d-44fb-8960-9a356f54b51b.mp4
https://km-video-stream.s3.amazonaws.com/org_3f9ef91f-67eb-48b9-bc33-5a858ff7b721/wp5UdxQ.4/Clips/Man/1734199235_3834648/video/1734199235_383564.mp4,https://d1zxk9teuo4ijt.cloudfront.net/org_faddd2f2-3111-4c09-ade5-800a2c8c6778/TCKfWMqfC/Clips/AspectRatio/6763e6e4ba23e30007205199/dc32c4ad-34da-401d-a16c-ae66ebd2c2e7.mp4
https://km-video-stream.s3.amazonaws.com/org_3f9ef91f-67eb-48b9-bc33-5a858ff7b721/wp5UdxQ.4/Clips/Man/1734199262_4309583/video/1734199262_4310722.mp4,https://d1zxk9teuo4ijt.cloudfront.net/org_faddd2f2-3111-4c09-ade5-800a2c8c6778/TCKfWMqfC/Clips/AspectRatio/6763e6e4ba23e300072051ad/184e76ee-0d1c-4ca0-874a-b0727740c145.mp4
https://km-video-stream.s3.amazonaws.com/org_3f9ef91f-67eb-48b9-bc33-5a858ff7b721/wp5UdxQ.4/Clips/Man/1734199294_1270375/video/1734199294_1271248.mp4,https://d1zxk9teuo4ijt.cloudfront.net/org_faddd2f2-3111-4c09-ade5-800a2c8c6778/TCKfWMqfC/Clips/AspectRatio/6763e6e5ba23e300072051be/264262b7-d35b-4287-b91b-1fa4f9cfad35.mp4
https://km-video-stream.s3.amazonaws.com/org_3f9ef91f-67eb-48b9-bc33-5a858ff7b721/wp5UdxQ.4/Clips/Man/1734199325_6706452/video/1734199325_6707356.mp4,https://d1zxk9teuo4ijt.cloudfront.net/org_faddd2f2-3111-4c09-ade5-800a2c8c6778/TCKfWMqfC/Clips/AspectRatio/6763e6e5ba23e300072051d0/f3a85ee8-000d-4c57-9cb8-656ce30d7fda.mp4
https://km-video-stream.s3.amazonaws.com/org_3f9ef91f-67eb-48b9-bc33-5a858ff7b721/wp5UdxQ.4/Clips/Man/1734199375_723222/video/1734199375_7233505.mp4,https://d1zxk9teuo4ijt.cloudfront.net/org_faddd2f2-3111-4c09-ade5-800a2c8c6778/TCKfWMqfC/Clips/AspectRatio/6763e6e5d211730007d149f0/b083c82e-33d9-4895-a0f6-bb9890092400.mp4
https://km-video-stream.s3.amazonaws.com/org_3f9ef91f-67eb-48b9-bc33-5a858ff7b721/wp5UdxQ.4/Clips/Man/1734199399_7785025/video/1734199399_7785938.mp4,https://d1zxk9teuo4ijt.cloudfront.net/org_faddd2f2-3111-4c09-ade5-800a2c8c6778/TCKfWMqfC/Clips/AspectRatio/6763e6e6ba23e300072051e6/7252cd0b-46ad-4afd-b29f-50f0e8705e56.mp4
https://km-video-stream.s3.amazonaws.com/org_3f9ef91f-67eb-48b9-bc33-5a858ff7b721/wp5UdxQ.4/Clips/Man/1734199423_5500946/video/1734199423_5502002.mp4,https://d1zxk9teuo4ijt.cloudfront.net/org_faddd2f2-3111-4c09-ade5-800a2c8c6778/TCKfWMqfC/Clips/AspectRatio/6763e6e6ba23e300072051f7/16f8d107-6682-4b81-b663-f4ba71cc3121.mp4
https://km-video-stream.s3.amazonaws.com/org_3f9ef91f-67eb-48b9-bc33-5a858ff7b721/wp5UdxQ.4/Clips/Man/1734199446_1830733/video/1734199446_183151.mp4,https://d1zxk9teuo4ijt.cloudfront.net/org_faddd2f2-3111-4c09-ade5-800a2c8c6778/TCKfWMqfC/Clips/AspectRatio/6763e6e7ba23e30007205208/b3ca772b-bb2b-4863-87cf-18b1d91a66e6.mp4
https://km-video-stream.s3.amazonaws.com/org_3f9ef91f-67eb-48b9-bc33-5a858ff7b721/wp5UdxQ.4/Clips/Man/1734199483_830538/video/1734199483_8306313.mp4,https://d1zxk9teuo4ijt.cloudfront.net/org_faddd2f2-3111-4c09-ade5-800a2c8c6778/TCKfWMqfC/Clips/AspectRatio/6763e6e7ba23e30007205221/9f763750-8137-4bb8-ad5a-624a65464062.mp4
https://km-video-stream.s3.amazonaws.com/org_3f9ef91f-67eb-48b9-bc33-5a858ff7b721/wp5UdxQ.4/Clips/Man/1734199542_1178305/video/1734199542_1179163.mp4,https://d1zxk9teuo4ijt.cloudfront.net/org_faddd2f2-3111-4c09-ade5-800a2c8c6778/TCKfWMqfC/Clips/AspectRatio/6763e6e8ba23e30007205244/06210d97-02aa-4421-936f-e923dff47b38.mp4
https://km-video-stream.s3.amazonaws.com/org_3f9ef91f-67eb-48b9-bc33-5a858ff7b721/wp5UdxQ.4/Clips/Man/1734200090_5369275/video/1734200090_5370126.mp4,https://d1zxk9teuo4ijt.cloudfront.net/org_faddd2f2-3111-4c09-ade5-800a2c8c6778/TCKfWMqfC/Clips/AspectRatio/6763e6e9ba23e3000720526d/cb6fbd74-e7e1-4888-b719-8007d66825c7.mp4
https://km-video-stream.s3.amazonaws.com/org_3f9ef91f-67eb-48b9-bc33-5a858ff7b721/wp5UdxQ.4/Clips/Man/1734199652_3723483/video/1734199652_372482.mp4,https://d1zxk9teuo4ijt.cloudfront.net/org_faddd2f2-3111-4c09-ade5-800a2c8c6778/TCKfWMqfC/Clips/AspectRatio/6763e6e9d211730007d14a3c/ee939e14-27f1-420d-842b-956c1812283a.mp4
https://km-video-stream.s3.amazonaws.com/org_3f9ef91f-67eb-48b9-bc33-5a858ff7b721/wp5UdxQ.4/Clips/Man/1734200116_137931/video/1734200116_1380374.mp4,https://d1zxk9teuo4ijt.cloudfront.net/org_faddd2f2-3111-4c09-ade5-800a2c8c6778/TCKfWMqfC/Clips/AspectRatio/6763e6eaba23e30007205280/21fa1a25-c93a-4f4c-9c6a-3d0b55bc1b69.mp4
https://km-video-stream.s3.amazonaws.com/org_3f9ef91f-67eb-48b9-bc33-5a858ff7b721/wp5UdxQ.4/Clips/Man/1734200160_0774932/video/1734200160_0775828.mp4,https://d1zxk9teuo4ijt.cloudfront.net/org_faddd2f2-3111-4c09-ade5-800a2c8c6778/TCKfWMqfC/Clips/AspectRatio/6763e6ead211730007d14a6b/450ef07a-f63d-4ed8-af9d-b023c618bbf1.mp4
https://km-video-stream.s3.amazonaws.com/org_3f9ef91f-67eb-48b9-bc33-5a858ff7b721/wp5UdxQ.4/Clips/Man/1734200197_2586644/video/1734200197_2587926.mp4,https://d1zxk9teuo4ijt.cloudfront.net/org_faddd2f2-3111-4c09-ade5-800a2c8c6778/TCKfWMqfC/Clips/AspectRatio/6763e6ebba23e300072052b9/518cc36f-77ec-47a2-9c31-8df918a1867f.mp4
https://km-video-stream.s3.amazonaws.com/org_3f9ef91f-67eb-48b9-bc33-5a858ff7b721/wp5UdxQ.4/Clips/Man/1734200229_568792/video/1734200229_5688832.mp4,https://d1zxk9teuo4ijt.cloudfront.net/org_faddd2f2-3111-4c09-ade5-800a2c8c6778/TCKfWMqfC/Clips/AspectRatio/6763e6ecba23e300072052d3/3ba5d84a-829e-4df3-a445-f97119bcf4e6.mp4
https://km-video-stream.s3.amazonaws.com/org_3f9ef91f-67eb-48b9-bc33-5a858ff7b721/wp5UdxQ.4/Clips/Man/1734200291_6708617/video/1734200291_6709683.mp4,https://d1zxk9teuo4ijt.cloudfront.net/org_faddd2f2-3111-4c09-ade5-800a2c8c6778/TCKfWMqfC/Clips/AspectRatio/6763e6ecba23e300072052e4/91df5cf8-cc02-493e-ac37-25868b41b36f.mp4
https://km-video-stream.s3.amazonaws.com/org_3f9ef91f-67eb-48b9-bc33-5a858ff7b721/wp5UdxQ.4/Clips/Man/1734200358_8438659/video/1734200358_8439538.mp4,https://d1zxk9teuo4ijt.cloudfront.net/org_faddd2f2-3111-4c09-ade5-800a2c8c6778/TCKfWMqfC/Clips/AspectRatio/6763e6ecba23e300072052f6/464dc4dc-52e9-402a-8582-b5ce5b864101.mp4
https://km-video-stream.s3.amazonaws.com/org_3f9ef91f-67eb-48b9-bc33-5a858ff7b721/wp5UdxQ.4/Clips/Man/1734200449_7693007/video/1734200449_7694194.mp4,https://d1zxk9teuo4ijt.cloudfront.net/org_faddd2f2-3111-4c09-ade5-800a2c8c6778/TCKfWMqfC/Clips/AspectRatio/6763e6edba23e30007205319/c0fd413f-335c-4e32-8de3-cb9806b2e53e.mp4
https://km-video-stream.s3.amazonaws.com/org_3f9ef91f-67eb-48b9-bc33-5a858ff7b721/wp5UdxQ.4/Clips/Man/1734200474_02483/video/1734200474_0249164.mp4,https://d1zxk9teuo4ijt.cloudfront.net/org_faddd2f2-3111-4c09-ade5-800a2c8c6778/TCKfWMqfC/Clips/AspectRatio/6763e6edba23e30007205331/f3b5e2d0-8e74-46d7-a0d8-7427de89cf80.mp4
https://km-video-stream.s3.amazonaws.com/org_3f9ef91f-67eb-48b9-bc33-5a858ff7b721/wp5UdxQ.4/Clips/Man/1734200507_2196734/video/1734200507_2197757.mp4,https://d1zxk9teuo4ijt.cloudfront.net/org_faddd2f2-3111-4c09-ade5-800a2c8c6778/TCKfWMqfC/Clips/AspectRatio/6763e6efd211730007d14ada/082d67a1-2f3d-4d3a-8da3-92719676c903.mp4
https://km-video-stream.s3.amazonaws.com/org_3f9ef91f-67eb-48b9-bc33-5a858ff7b721/wp5UdxQ.4/Clips/Man/1734200539_2383776/video/1734200539_2384558.mp4,https://d1zxk9teuo4ijt.cloudfront.net/org_faddd2f2-3111-4c09-ade5-800a2c8c6778/TCKfWMqfC/Clips/AspectRatio/6763e6f0ba23e3000720538c/401fbace-53dd-4bc5-a2c7-c476f6b32ebe.mp4
https://km-video-stream.s3.amazonaws.com/org_3f9ef91f-67eb-48b9-bc33-5a858ff7b721/wp5UdxQ.4/Clips/Man/1734200605_3909156/video/1734200605_3911166.mp4,https://d1zxk9teuo4ijt.cloudfront.net/org_faddd2f2-3111-4c09-ade5-800a2c8c6778/TCKfWMqfC/Clips/AspectRatio/6763e6f1d211730007d14b2e/47fa19cf-b824-4815-bdab-8103a7e7e064.mp4
https://km-video-stream.s3.amazonaws.com/org_3f9ef91f-67eb-48b9-bc33-5a858ff7b721/wp5UdxQ.4/Clips/Man/1734200644_373003/video/1734200644_3731077.mp4,https://d1zxk9teuo4ijt.cloudfront.net/org_faddd2f2-3111-4c09-ade5-800a2c8c6778/TCKfWMqfC/Clips/AspectRatio/6763e6f2d211730007d14b46/0805a5cb-aa54-4560-9b33-1df0f5b4d00d.mp4
https://km-video-stream.s3.amazonaws.com/org_3f9ef91f-67eb-48b9-bc33-5a858ff7b721/wp5UdxQ.4/Clips/Man/1734200675_911756/video/1734200675_9118385.mp4,https://d1zxk9teuo4ijt.cloudfront.net/org_faddd2f2-3111-4c09-ade5-800a2c8c6778/TCKfWMqfC/Clips/AspectRatio/6763e6f4ba23e300072053e0/174b4c87-613e-41d9-9957-60aca8591bd7.mp4
https://km-video-stream.s3.amazonaws.com/org_3f9ef91f-67eb-48b9-bc33-5a858ff7b721/wp5UdxQ.4/Clips/Man/1734200713_1430407/video/1734200713_143146.mp4,https://d1zxk9teuo4ijt.cloudfront.net/org_faddd2f2-3111-4c09-ade5-800a2c8c6778/TCKfWMqfC/Clips/AspectRatio/6763e6f4ba23e30007205409/861e4955-7c45-49cd-8387-6f3e565d851a.mp4
https://km-video-stream.s3.amazonaws.com/org_3f9ef91f-67eb-48b9-bc33-5a858ff7b721/wp5UdxQ.4/Clips/Man/1734200747_2814696/video/1734200747_2815604.mp4,https://d1zxk9teuo4ijt.cloudfront.net/org_faddd2f2-3111-4c09-ade5-800a2c8c6778/TCKfWMqfC/Clips/AspectRatio/6763e6f4ba23e30007205434/ff6741d4-f120-4fec-a884-ca92cce37f5d.mp4
https://km-video-stream.s3.amazonaws.com/org_3f9ef91f-67eb-48b9-bc33-5a858ff7b721/wp5UdxQ.4/Clips/Man/1734200810_506142/video/1734200810_50623.mp4,https://d1zxk9teuo4ijt.cloudfront.net/org_faddd2f2-3111-4c09-ade5-800a2c8c6778/TCKfWMqfC/Clips/AspectRatio/6763e6f5d211730007d14bae/3ca6726b-2895-41aa-ba3c-d4bca125016e.mp4
https://km-video-stream.s3.amazonaws.com/org_3f9ef91f-67eb-48b9-bc33-5a858ff7b721/wp5UdxQ.4/Clips/Man/1734200883_7497878/video/1734200883_7498758.mp4,
https://d1zxk9teuo4ijt.cloudfront.net/org_fd7a0fd4-bc8d-4fd2-b02e-2492c5eed66d/4.EHd48Z5/Clips/Man/1734275613_7848043/video/1734275613_7849054.mp4,https://d1zxk9teuo4ijt.cloudfront.net/org_faddd2f2-3111-4c09-ade5-800a2c8c6778/TCKfWMqfC/Clips/AspectRatio/6763e6fbba23e30007205517/6c30f136-8892-45cf-b7de-8d42f387d562.mp4
https://d1zxk9teuo4ijt.cloudfront.net/org_fd7a0fd4-bc8d-4fd2-b02e-2492c5eed66d/4.EHd48Z5/Clips/Man/1734279213_6841903/video/1734279213_6842983.mp4,https://d1zxk9teuo4ijt.cloudfront.net/org_faddd2f2-3111-4c09-ade5-800a2c8c6778/TCKfWMqfC/Clips/AspectRatio/6763e6fbba23e3000720552a/35e9e008-938a-45b4-81f2-705df92077e2.mp4
https://km-video-stream.s3.amazonaws.com/org_3f9ef91f-67eb-48b9-bc33-5a858ff7b721/GEmo.ZOpI/Clips/Man/1734455665_2558851/video/1734455665_255956.mp4,https://d1zxk9teuo4ijt.cloudfront.net/org_faddd2f2-3111-4c09-ade5-800a2c8c6778/TCKfWMqfC/Clips/AspectRatio/6763e6fbd211730007d14c79/ac74e359-4500-4e16-b1a4-d2c0745c62aa.mp4
https://km-video-stream.s3.amazonaws.com/org_3f9ef91f-67eb-48b9-bc33-5a858ff7b721/GEmo.ZOpI/Clips/Man/1734455923_1245048/video/1734455923_1246414.mp4,https://d1zxk9teuo4ijt.cloudfront.net/org_faddd2f2-3111-4c09-ade5-800a2c8c6778/TCKfWMqfC/Clips/AspectRatio/6763e6fcd211730007d14c9d/4b10a352-37d3-46dd-978f-1ae4bbd0e9c5.mp4
https://km-video-stream.s3.amazonaws.com/org_3f9ef91f-67eb-48b9-bc33-5a858ff7b721/GEmo.ZOpI/Clips/Man/1734455948_096889/video/1734455948_0969927.mp4,https://d1zxk9teuo4ijt.cloudfront.net/org_faddd2f2-3111-4c09-ade5-800a2c8c6778/TCKfWMqfC/Clips/AspectRatio/6763e6fdba23e30007205593/0ccdeb8c-7622-44bb-984f-866236ac6497.mp4
https://km-video-stream.s3.amazonaws.com/org_3f9ef91f-67eb-48b9-bc33-5a858ff7b721/GEmo.ZOpI/Clips/Man/1734455980_3091967/video/1734455980_3092887.mp4,https://d1zxk9teuo4ijt.cloudfront.net/org_faddd2f2-3111-4c09-ade5-800a2c8c6778/TCKfWMqfC/Clips/AspectRatio/6763e6feba23e300072055ca/ac583686-3d08-4f88-a808-59648eef0c9c.mp4
https://km-video-stream.s3.amazonaws.com/org_3f9ef91f-67eb-48b9-bc33-5a858ff7b721/GEmo.ZOpI/Clips/Man/1734456034_1928844/video/1734456034_1929884.mp4,https://d1zxk9teuo4ijt.cloudfront.net/org_faddd2f2-3111-4c09-ade5-800a2c8c6778/TCKfWMqfC/Clips/AspectRatio/6763e700d211730007d14d25/186c07d6-8d6f-418e-a936-4ac55cd2b662.mp4
https://km-video-stream.s3.amazonaws.com/org_3f9ef91f-67eb-48b9-bc33-5a858ff7b721/GEmo.ZOpI/Clips/Man/1734456056_936714/video/1734456056_9368136.mp4,https://d1zxk9teuo4ijt.cloudfront.net/org_faddd2f2-3111-4c09-ade5-800a2c8c6778/TCKfWMqfC/Clips/AspectRatio/6763e702d211730007d14d48/0e5781da-725f-479e-9b0d-95619573b1af.mp4
https://km-video-stream.s3.amazonaws.com/org_3f9ef91f-67eb-48b9-bc33-5a858ff7b721/GEmo.ZOpI/Clips/Man/1734456199_9820297/video/1734456199_9821327.mp4,https://d1zxk9teuo4ijt.cloudfront.net/org_faddd2f2-3111-4c09-ade5-800a2c8c6778/TCKfWMqfC/Clips/AspectRatio/6763e702d211730007d14d6d/60e58d78-c923-4342-9c76-4841f8974bee.mp4
https://km-video-stream.s3.amazonaws.com/org_3f9ef91f-67eb-48b9-bc33-5a858ff7b721/GEmo.ZOpI/Clips/Man/1734456292_362659/video/1734456292_362741.mp4,https://d1zxk9teuo4ijt.cloudfront.net/org_faddd2f2-3111-4c09-ade5-800a2c8c6778/TCKfWMqfC/Clips/AspectRatio/6763e703ba23e30007205645/14bf2d77-48fc-4e88-9585-7fbce0a3ff00.mp4
https://km-video-stream.s3.amazonaws.com/org_3f9ef91f-67eb-48b9-bc33-5a858ff7b721/GEmo.ZOpI/Clips/Man/1734456435_7986212/video/1734456435_7987273.mp4,https://d1zxk9teuo4ijt.cloudfront.net/org_faddd2f2-3111-4c09-ade5-800a2c8c6778/TCKfWMqfC/Clips/AspectRatio/6763e703ba23e30007205658/616c3a6d-240c-4684-932c-4697ab558030.mp4
https://km-video-stream.s3.amazonaws.com/org_3f9ef91f-67eb-48b9-bc33-5a858ff7b721/GEmo.ZOpI/Clips/Man/1734456453_9198685/video/1734456453_9199615.mp4,https://d1zxk9teuo4ijt.cloudfront.net/org_faddd2f2-3111-4c09-ade5-800a2c8c6778/TCKfWMqfC/Clips/AspectRatio/6763e704ba23e30007205667/88ef29ea-ab5c-4559-9a1e-0aae37590603.mp4
https://km-video-stream.s3.amazonaws.com/org_3f9ef91f-67eb-48b9-bc33-5a858ff7b721/GEmo.ZOpI/Clips/Man/1734456479_0362945/video/1734456479_0363894.mp4,https://d1zxk9teuo4ijt.cloudfront.net/org_faddd2f2-3111-4c09-ade5-800a2c8c6778/TCKfWMqfC/Clips/AspectRatio/6763e704ba23e3000720567f/c30385c2-c0af-4386-ac70-7298b498c757.mp4
