stream_id,video_url,sport
70Dy7npHq,https://km-video-stream.s3.amazonaws.com/org_3f9ef91f-67eb-48b9-bc33-5a858ff7b721/70Dy7npHq/Clips/Man/1730566658_4137127/video/1730566658_4138167.mp4,football
70Dy7npHq,https://km-video-stream.s3.amazonaws.com/org_3f9ef91f-67eb-48b9-bc33-5a858ff7b721/70Dy7npHq/Clips/Man/1730566616_2705283/video/1730566616_2706466.mp4,football
70Dy7npHq,https://km-video-stream.s3.amazonaws.com/org_3f9ef91f-67eb-48b9-bc33-5a858ff7b721/70Dy7npHq/Clips/Man/1730566552_7789614/video/1730566552_7790673.mp4,football
70Dy7npHq,https://km-video-stream.s3.amazonaws.com/org_3f9ef91f-67eb-48b9-bc33-5a858ff7b721/70Dy7npHq/Clips/Man/1730566122_4796152/video/1730566122_4797032.mp4,football
70Dy7npHq,https://km-video-stream.s3.amazonaws.com/org_3f9ef91f-67eb-48b9-bc33-5a858ff7b721/70Dy7npHq/Clips/Man/1730565691_6224225/video/1730565691_6225107.mp4,football
70Dy7npHq,https://km-video-stream.s3.amazonaws.com/org_3f9ef91f-67eb-48b9-bc33-5a858ff7b721/70Dy7npHq/Clips/Man/1730565667_6446846/video/1730565667_644762.mp4,football
70Dy7npHq,https://km-video-stream.s3.amazonaws.com/org_3f9ef91f-67eb-48b9-bc33-5a858ff7b721/70Dy7npHq/Clips/Man/1730565318_3341532/video/1730565318_334266.mp4,football
70Dy7npHq,https://km-video-stream.s3.amazonaws.com/org_3f9ef91f-67eb-48b9-bc33-5a858ff7b721/70Dy7npHq/Clips/Man/1730565103_8793259/video/1730565103_8794162.mp4,football
70Dy7npHq,https://km-video-stream.s3.amazonaws.com/org_3f9ef91f-67eb-48b9-bc33-5a858ff7b721/70Dy7npHq/Clips/Man/1730564804_170152/video/1730564804_170252.mp4,football
70Dy7npHq,https://km-video-stream.s3.amazonaws.com/org_3f9ef91f-67eb-48b9-bc33-5a858ff7b721/70Dy7npHq/Clips/Man/1730564387_7932477/video/1730564387_7933471.mp4,football
70Dy7npHq,https://km-video-stream.s3.amazonaws.com/org_3f9ef91f-67eb-48b9-bc33-5a858ff7b721/70Dy7npHq/Clips/Man/1730564350_6445465/video/1730564350_644639.mp4,football
70Dy7npHq,https://km-video-stream.s3.amazonaws.com/org_3f9ef91f-67eb-48b9-bc33-5a858ff7b721/70Dy7npHq/Clips/Man/1730564130_8931515/video/1730564130_8932521.mp4,football
70Dy7npHq,https://km-video-stream.s3.amazonaws.com/org_3f9ef91f-67eb-48b9-bc33-5a858ff7b721/70Dy7npHq/Clips/Man/1730562584_7128887/video/1730562584_713044.mp4,football
70Dy7npHq,https://km-video-stream.s3.amazonaws.com/org_3f9ef91f-67eb-48b9-bc33-5a858ff7b721/70Dy7npHq/Clips/Man/1730562558_9231117/video/1730562558_923206.mp4,football
70Dy7npHq,https://km-video-stream.s3.amazonaws.com/org_3f9ef91f-67eb-48b9-bc33-5a858ff7b721/70Dy7npHq/Clips/Man/1730562305_2125113/video/1730562305_2126052.mp4,football
70Dy7npHq,https://km-video-stream.s3.amazonaws.com/org_3f9ef91f-67eb-48b9-bc33-5a858ff7b721/70Dy7npHq/Clips/Man/1730561515_941178/video/1730561515_941266.mp4,football
70Dy7npHq,https://km-video-stream.s3.amazonaws.com/org_3f9ef91f-67eb-48b9-bc33-5a858ff7b721/70Dy7npHq/Clips/Man/1730560523_5135698/video/1730560523_5136657.mp4,football
70Dy7npHq,https://km-video-stream.s3.amazonaws.com/org_3f9ef91f-67eb-48b9-bc33-5a858ff7b721/70Dy7npHq/Clips/Man/1730560421_7066584/video/1730560421_7067485.mp4,football
70Dy7npHq,https://km-video-stream.s3.amazonaws.com/org_3f9ef91f-67eb-48b9-bc33-5a858ff7b721/70Dy7npHq/Clips/Man/1730560231_957488/video/1730560231_9575763.mp4,football
70Dy7npHq,https://km-video-stream.s3.amazonaws.com/org_3f9ef91f-67eb-48b9-bc33-5a858ff7b721/70Dy7npHq/Clips/Man/1730560196_5715332/video/1730560196_5716214.mp4,football
A0sQ4ZdZb,https://d1zxk9teuo4ijt.cloudfront.net/org_ff695401-9778-4434-b6fd-d43eb5120f4b/A0sQ4ZdZb/Clips/Man/1730562716_099518/video/1730562716_099603.mp4,football
A0sQ4ZdZb,https://d1zxk9teuo4ijt.cloudfront.net/org_ff695401-9778-4434-b6fd-d43eb5120f4b/A0sQ4ZdZb/Clips/Man/1730561578_927504/video/1730561578_9275959.mp4,football
A0sQ4ZdZb,https://d1zxk9teuo4ijt.cloudfront.net/org_ff695401-9778-4434-b6fd-d43eb5120f4b/A0sQ4ZdZb/Clips/Man/1730561109_8189275/video/1730561109_8190691.mp4,football
A0sQ4ZdZb,https://d1zxk9teuo4ijt.cloudfront.net/org_ff695401-9778-4434-b6fd-d43eb5120f4b/A0sQ4ZdZb/Clips/Man/1730560725_342242/video/1730560725_3423207.mp4,football
A0sQ4ZdZb,https://d1zxk9teuo4ijt.cloudfront.net/org_ff695401-9778-4434-b6fd-d43eb5120f4b/A0sQ4ZdZb/Clips/Man/1730560130_7957926/video/1730560130_7958777.mp4,football
A0sQ4ZdZb,https://d1zxk9teuo4ijt.cloudfront.net/org_ff695401-9778-4434-b6fd-d43eb5120f4b/A0sQ4ZdZb/Clips/Man/1730556754_2097535/video/1730556754_2098484.mp4,football
A0sQ4ZdZb,https://d1zxk9teuo4ijt.cloudfront.net/org_ff695401-9778-4434-b6fd-d43eb5120f4b/A0sQ4ZdZb/Clips/Man/1730556496_1845798/video/1730556496_1846626.mp4,football
CsbHHsUmF,https://demxa66ujcbgw.cloudfront.net/org_3c0a446f-9d96-45dd-bd44-c5ea1fdfd719/CsbHHsUmF/Clips/Man/1730566805_976907/video/1730566805_9770083.mp4,football
CsbHHsUmF,https://demxa66ujcbgw.cloudfront.net/org_3c0a446f-9d96-45dd-bd44-c5ea1fdfd719/CsbHHsUmF/Clips/Man/1730566446_3678133/video/1730566446_3679297.mp4,football
